cemetery,cemetery_id,name,birth,death,hometown,unit,grave_number,lot,row,zone
Hòa Phú,nt_hoa_phu,Bùi Chính,1941,16/5/1965,"Đông Lâm, Xã Hòa Vang","Du kích, Xã Hòa Vang",1,,1,
Hòa Phú,nt_hoa_phu,Nguyễn Văn Xê,,11/1968,"Hội Phước, Xã Hòa Vang","Du kích, Xã Hòa Vang",2,,1,
Hòa Phú,nt_hoa_phu,TRƯƠNG KHOẢNH,,1948-12-01 00:00:00,"Hội Phước, Xã Hòa Vang",chiến sĩ,3,,1,
Hòa Phú,nt_hoa_phu,NGUYỄN XÚ,1943,1965-07-01 00:00:00,Hòa Phước,"Thượng sĩ  
quản lý đại đội-Bội đội huyện",4,,1,
Hòa Phú,nt_hoa_phu,NGUYỄN CẨM,,1965-07-26 00:00:00,Hội Phước,"Tiểu đội 
trưởng",5,,1,
Hòa Phú,nt_hoa_phu,TRẦN THỊ ĐẬU,,1969-05-01 00:00:00,Hòa Phước,xã đội phó,6,,1,
Hòa Phú,nt_hoa_phu,BÙI PHI,1933,1971-12-04 00:00:00,Đông lâm,xã đội trưởng,7,,1,
Hòa Phú,nt_hoa_phu,NGUYỄN ViẾT KÝ,,1973-07-29 00:00:00,Hội Phước,Đại đội phó QĐNDVN,8,,1,
Hòa Phú,nt_hoa_phu,TRẦN ĐÌNH HIẾU,,1967-07-27 00:00:00,Hòa Phước,Trung úy QĐNDVN,9,,1,
Hòa Phú,nt_hoa_phu,MẠC NHƯ TRIÊM,1944,1968-04-05 00:00:00,Hội Phước,"Trung đội phó
Đơn vị:ER20",10,,1,
Hòa Phú,nt_hoa_phu,BÙI CƯỜNG,1936,1965-12-13 00:00:00,Đông lâm,Trưởng ban binh vận xã,11,,1,
Hòa Phú,nt_hoa_phu,MAI THỊ NHƯỢNG,,1967-12-10 00:00:00,Đông lâm,cán bộ giao liên huyện,12,,1,
Hòa Phú,nt_hoa_phu,LÊ VĂN HÒA,1932,1968-11-17 00:00:00,Động lâm,Đại đội phó QĐNDVN,13,,1,
Hòa Phú,nt_hoa_phu,MẠC CHÍ,,1965-05-05 00:00:00,Hội phước,Đội viên du kích,14,,1,
Hòa Phú,nt_hoa_phu,TRẦN CÔNG TRUYỀN,,1967-08-30 00:00:00,Hòa khương,Chiến sĩ,15,,1,
Hòa Phú,nt_hoa_phu,NGUYỄN LÝ,,1964-04-15 00:00:00,Đông lâm,Đội viên du kích,16,,1,
Hòa Phú,nt_hoa_phu,TRẦN THỊ MƯỜI,,1965-04-15 00:00:00,Hòa Phước,Đội viên du kích,17,,2,
Hòa Phú,nt_hoa_phu,NGUYỄN THỊ LAM,1941,1970,Hội phước,Y tá huyện,18,,2,
Hòa Phú,nt_hoa_phu,NGUYỄN ĐUỔI,,1968-11-27 00:00:00,Đông lâm,Đội viên du kích,19,,2,
Hòa Phú,nt_hoa_phu,MẠC THÂN,,1967-05-05 00:00:00,Hội phước,Y tá- đội viên du kích,20,,2,
Hòa Phú,nt_hoa_phu,NGUYỄN KÝ,1911,1965-10-20 00:00:00,Hội Phước,Du kích,21,,2,
Hòa Phú,nt_hoa_phu,VÕ MÃI,1916,1968-11-20 00:00:00,Hội phước,Bí thư nông hội xã,22,,2,
Hòa Phú,nt_hoa_phu,LÊ VĂN CỪ,1922,1969-05-01 00:00:00,Đông lâm,Trưởng ban tuyên huấn huyện,23,,2,
Hòa Phú,nt_hoa_phu,LÊ VĂN TRÍ,1932,1967-08-26 00:00:00,Đông lâm,"Đại đôi phóĐại đôi phó
Đơn vị: Tiểu đoàn bộ binh1QNĐN(R20)",24,,2,
Hòa Phú,nt_hoa_phu,NGUYỄN VĂN LỢI,,1972-08-05 00:00:00,Hội Phước,Đại đội phó QĐNDVN,25,,2,
Hòa Phú,nt_hoa_phu,TRƯƠNG NHỊ,1938,1968-10-24 00:00:00,Hội phước,xã đội trưởng,26,,2,
Hòa Phú,nt_hoa_phu,TRƯƠNG  LĂNG,,1969-05-01 00:00:00,Hội phước,Tiểu đội trưởng QĐNDVN,27,,2,
Hòa Phú,nt_hoa_phu,TRƯƠNG ĐƯƠNG,,1949-10-01 00:00:00,Đông lâm,"Tiểu đội 
trưởng QĐNDVN",28,,2,
Hòa Phú,nt_hoa_phu,NGUYỄN THẠNH,1940,1966-10-26 00:00:00,Hội Phước,"chiến sĩ
Đơn vị: huyện đội Hòa vang",29,,2,
Hòa Phú,nt_hoa_phu,BÙI CHIÊN,1945,1965-06-10 00:00:00,Đông lâm,Đội viên du kích,30,,2,
Hòa Phú,nt_hoa_phu,TRẦN XIÊM,,1965-12-23 00:00:00,Đông lâm,Đội viên du kích,31,,2,
Hòa Phú,nt_hoa_phu,NGUYỄN VĂN GIA,,1947-05-27 00:00:00,An Châu,Chiến sĩ QĐNDVN,32,,2,
Hòa Phú,nt_hoa_phu,NGUYỄN BÀN,,1965-06-10 00:00:00,Hội phước,Thôn đội trưởng,33,,2,
Hòa Phú,nt_hoa_phu,TRƯƠNG VĂN MAU,,1969-07-27 00:00:00,Hội phước,Cán bộ kinh tài,34,,2,
Hòa Phú,nt_hoa_phu,Mộ liệt sĩ chưa xác định được thông tin,,,,,35,,3,
Hòa Phú,nt_hoa_phu,Mộ liệt sĩ chưa xác định được thông tin,,,,,36,,3,
Hòa Phú,nt_hoa_phu,Mộ liệt sĩ chưa xác định được thông tin,,,,,37,,3,
Hòa Phú,nt_hoa_phu,Mộ liệt sĩ chưa xác định được thông tin,,,,,38,,3,
Hòa Phú,nt_hoa_phu,Mộ liệt sĩ chưa xác định được thông tin,,,,,39,,3,
Hòa Phú,nt_hoa_phu,Mộ liệt sĩ chưa xác định được thông tin,,,,,40,,3,
Hòa Phú,nt_hoa_phu,Mộ liệt sĩ chưa xác định được thông tin,,,,,41,,3,
Hòa Phú,nt_hoa_phu,Mộ liệt sĩ chưa xác định được thông tin,,,,,42,,3,
Hòa Phú,nt_hoa_phu,Mộ liệt sĩ chưa xác định được thông tin,,,,,43,,3,
Hòa Phú,nt_hoa_phu,Mộ liệt sĩ chưa xác định được thông tin,,,,,44,,3,
Hòa Phú,nt_hoa_phu,Mộ liệt sĩ chưa xác định được thông tin,,,,,45,,3,
Hòa Phú,nt_hoa_phu,Mộ liệt sĩ chưa xác định được thông tin,,,,,46,,3,
Hòa Phú,nt_hoa_phu,Mộ liệt sĩ chưa xác định được thông tin,,,,,47,,3,
Hòa Phú,nt_hoa_phu,Mộ liệt sĩ chưa xác định được thông tin,,,,,48,,3,
Hòa Phú,nt_hoa_phu,Mộ liệt sĩ chưa xác định được thông tin,,,,,49,,3,
Hòa Phú,nt_hoa_phu,Mộ liệt sĩ chưa xác định được thông tin,,,,,50,,3,
Hòa Phú,nt_hoa_phu,Mộ liệt sĩ chưa xác định được thông tin,,,,,51,,4,
Hòa Phú,nt_hoa_phu,Mộ liệt sĩ chưa xác định được thông tin,,,,,52,,4,
Hòa Phú,nt_hoa_phu,NGUYỄN NĂNG PHÀM,1931,1967-12-20 00:00:00,"xã văn cẩm,huyện hưng hà,thái bình",Hạ sĩ QĐNDVN,53,,4,
Hòa Phú,nt_hoa_phu,Mộ liệt sĩ chưa xác định được thông tin,,,,,54,,4,
Hòa Phú,nt_hoa_phu,Mộ liệt sĩ chưa xác định được thông tin,,,,,55,,4,
Hòa Phú,nt_hoa_phu,Mộ liệt sĩ chưa xác định được thông tin,,,,,56,,4,
Hòa Phú,nt_hoa_phu,Mộ liệt sĩ chưa xác định được thông tin,,,,,57,,4,
Hòa Phú,nt_hoa_phu,Mộ liệt sĩ chưa xác định được thông tin,,,,,58,,4,
Hòa Phú,nt_hoa_phu,Mộ liệt sĩ chưa xác định được thông tin,,,,,59,,4,
Hòa Phú,nt_hoa_phu,Mộ liệt sĩ chưa xác định được thông tin,,,,,60,,4,
Hòa Phú,nt_hoa_phu,Mộ liệt sĩ chưa xác định được thông tin,,,,,61,,4,
Hòa Phú,nt_hoa_phu,Mộ liệt sĩ chưa xác định được thông tin,,,,,62,,4,
Hòa Phú,nt_hoa_phu,Mộ liệt sĩ chưa xác định được thông tin,,,,,63,,4,
Hòa Phú,nt_hoa_phu,Mộ liệt sĩ chưa xác định được thông tin,,,,,64,,4,
Hòa Phú,nt_hoa_phu,Mộ liệt sĩ chưa xác định được thông tin,,,,,65,,4,
Hòa Phú,nt_hoa_phu,Mộ liệt sĩ chưa xác định được thông tin,,,,,66,,5,
Hòa Phú,nt_hoa_phu,Mộ liệt sĩ chưa xác định được thông tin,,,,,67,,5,
Hòa Phú,nt_hoa_phu,Mộ liệt sĩ chưa xác định được thông tin,,,,,68,,5,
Hòa Phú,nt_hoa_phu,Mộ liệt sĩ chưa xác định được thông tin,,,,,69,,5,
Hòa Phú,nt_hoa_phu,Mộ liệt sĩ chưa xác định được thông tin,,,,,70,,5,
Hòa Phú,nt_hoa_phu,Mộ liệt sĩ chưa xác định được thông tin,,,,,71,,5,
Hòa Phú,nt_hoa_phu,Mộ liệt sĩ chưa xác định được thông tin,,,,,72,,5,
Hòa Phú,nt_hoa_phu,Mộ liệt sĩ chưa xác định được thông tin,,,,,73,,5,
Hòa Phú,nt_hoa_phu,NGUYỄN CƯƠNG,1946,1966-05-23 00:00:00,Thủy Tú-Hòa Hiệp Bắc-Quận Liên Chiểu,Tiểu đội phó Tiểu đoàn 1 ĐTQN,74,,5,
Hòa Phú,nt_hoa_phu,Mộ liệt sĩ chưa xác định được thông tin,,,,,75,,5,
Hòa Phú,nt_hoa_phu,Mộ liệt sĩ chưa xác định được thông tin,,,,,76,,5,
Hòa Phú,nt_hoa_phu,Mộ liệt sĩ chưa xác định được thông tin,,,,,77,,5,
Hòa Phú,nt_hoa_phu,Mộ liệt sĩ chưa xác định được thông tin,,,,,78,,5,
Hòa Phú,nt_hoa_phu,Mộ liệt sĩ chưa xác định được thông tin,,,,,79,,5,
Hòa Phú,nt_hoa_phu,Mộ liệt sĩ chưa xác định được thông tin,,,,,80,,5,
Hòa Phú,nt_hoa_phu,Mộ liệt sĩ chưa xác định được thông tin,,,,,81,,6,
Hòa Phú,nt_hoa_phu,Mộ liệt sĩ chưa xác định được thông tin,,,,,82,,6,
Hòa Phú,nt_hoa_phu,Mộ liệt sĩ chưa xác định được thông tin,,,,,83,,6,
Hòa Phú,nt_hoa_phu,Mộ liệt sĩ chưa xác định được thông tin,,,,,84,,6,
Hòa Phú,nt_hoa_phu,Mộ liệt sĩ chưa xác định được thông tin,,,,,85,,6,
Hòa Phú,nt_hoa_phu,Mộ liệt sĩ chưa xác định được thông tin,,,,,86,,6,
Hòa Phú,nt_hoa_phu,Mộ liệt sĩ chưa xác định được thông tin,,,,,87,,6,
Hòa Phú,nt_hoa_phu,Mộ liệt sĩ chưa xác định được thông tin,,,,,88,,6,
Hòa Phú,nt_hoa_phu,Mộ liệt sĩ chưa xác định được thông tin,,,,,89,,6,
Hòa Phú,nt_hoa_phu,Mộ liệt sĩ chưa xác định được thông tin,,,,,90,,6,
Hòa Phú,nt_hoa_phu,Mộ liệt sĩ chưa xác định được thông tin,,,,,91,,6,
Hòa Phú,nt_hoa_phu,Mộ liệt sĩ chưa xác định được thông tin,,,,,92,,6,
Hòa Phú,nt_hoa_phu,VÕ THIÊN,,1949-06-15 00:00:00,Hội Phước,Đội viên du kích,93,,6,
Hòa Phú,nt_hoa_phu,Mộ liệt sĩ chưa xác định được thông tin,,,,,94,,6,
Hòa Phú,nt_hoa_phu,Mộ liệt sĩ chưa xác định được thông tin,,,,,95,,6,
Hòa Phú,nt_hoa_phu,NGUYỄN QUANG BIỂU,1919,1968-08-27 00:00:00,Hòa Phước,Trưởng ban kinh tài xã Hòa Thượng-Hòa vang,96,,7,
Hòa Phú,nt_hoa_phu,Mộ liệt sĩ chưa xác định được thông tin,,,,,97,,7,
Hòa Phú,nt_hoa_phu,Mộ liệt sĩ chưa xác định được thông tin,,,,,98,,7,
Hòa Phú,nt_hoa_phu,NGUYỄN VĂN KHÔNG,,1967-04-22 00:00:00,Phường hòa hải-Quận ngũ hành sơn,cán bộ an ninh xã,99,,7,
Hòa Phú,nt_hoa_phu,QUÁCH VĂN TRÀ,,1968,Tỉnh hòa bình,E31,100,,7,
Hòa Phú,nt_hoa_phu,VŨ VĂN ĐiỀM,,1968-04-01 00:00:00,Tĩnh hà nam,KN,101,,7,
Hòa Phú,nt_hoa_phu,NGUYỄN VĂN LỮ,1943,1968-04-01 00:00:00,Hà nội,,102,,7,
Hòa Phú,nt_hoa_phu,NGUYỄN VĂN HOÀNG,,1969,Miền bắc,,103,,7,
Hòa Phú,nt_hoa_phu,NGUYỄN VĂN LỰC,1958,1974-01-06 00:00:00,Hội phước,Đội viên du kích,104,,7,
Hòa Phú,nt_hoa_phu,HOÀNG QUYỀN,,1969,Hà Nội,,105,,7,
Hòa Phú,nt_hoa_phu,PHAN VĂN TƯỜNG,1947,1971,Hội phước,,106,,7,
Hòa Phú,nt_hoa_phu,QUÁCH VĂN BÌNH,1946,1969,Hà sơn bình,Thông tin,107,,7,
Hòa Phú,nt_hoa_phu,QUÁCH DƯƠNG,1946-10-01 00:00:00,1969-08-01 00:00:00,Hà sơn bình,C7-E41,108,,7,
Hòa Phú,nt_hoa_phu,Mộ liệt sĩ chưa xác định được thông tin,,,,,109,,7,
Hòa Phú,nt_hoa_phu,Mộ liệt sĩ chưa xác định được thông tin,,,,,110,,7,
Hòa Phú,nt_hoa_phu,Mộ liệt sĩ chưa xác định được thông tin,,,,,111,,8,
Hòa Phú,nt_hoa_phu,Mộ liệt sĩ chưa xác định được thông tin,,,,,112,,8,
Hòa Phú,nt_hoa_phu,Mộ liệt sĩ chưa xác định được thông tin,,,,,113,,8,
Hòa Phú,nt_hoa_phu,Mộ liệt sĩ chưa xác định được thông tin,,,,,114,,8,
Hòa Phú,nt_hoa_phu,Mộ liệt sĩ chưa xác định được thông tin,,,,,115,,8,
Hòa Phú,nt_hoa_phu,PHẠM XUÂN,1934,1967-10-22 00:00:00,Đông Lâm,Tiểu đội trưởng QĐNDVN,116,,8,
Hòa Phú,nt_hoa_phu,Mộ liệt sĩ chưa xác định được thông tin,,,,,117,,8,
Hòa Phú,nt_hoa_phu,Mộ liệt sĩ chưa xác định được thông tin,,,,,118,,8,
Hòa Phú,nt_hoa_phu,Mộ liệt sĩ chưa xác định được thông tin,,,,,119,,8,
Hòa Phú,nt_hoa_phu,Mộ liệt sĩ chưa xác định được thông tin,,,,,120,,8,
Hòa Phú,nt_hoa_phu,Mộ liệt sĩ chưa xác định được thông tin,,,,,121,,8,
Hòa Phú,nt_hoa_phu,Mộ liệt sĩ chưa xác định được thông tin,,,,,122,,8,
Hòa Phú,nt_hoa_phu,Mộ liệt sĩ chưa xác định được thông tin,,,,,123,,8,
Hòa Phú,nt_hoa_phu,Mộ liệt sĩ chưa xác định được thông tin,,,,,124,,8,
Hòa Phú,nt_hoa_phu,Mộ liệt sĩ chưa xác định được thông tin,,,,,125,,8,
Hòa Phú,nt_hoa_phu,Mộ liệt sĩ chưa xác định được thông tin,,,,,126,,9,
Hòa Phú,nt_hoa_phu,Mộ liệt sĩ chưa xác định được thông tin,,,,,127,,9,
Hòa Phú,nt_hoa_phu,Mộ liệt sĩ chưa xác định được thông tin,,,,,128,,9,
Hòa Phú,nt_hoa_phu,Mộ liệt sĩ chưa xác định được thông tin,,,,,129,,9,
Hòa Phú,nt_hoa_phu,Mộ liệt sĩ chưa xác định được thông tin,,,,,130,,9,
Hòa Phú,nt_hoa_phu,Mộ liệt sĩ chưa xác định được thông tin,,,,,131,,9,
Hòa Phú,nt_hoa_phu,Mộ liệt sĩ chưa xác định được thông tin,,,,,132,,9,
Hòa Phú,nt_hoa_phu,Mộ liệt sĩ chưa xác định được thông tin,,,,,133,,9,
Hòa Phú,nt_hoa_phu,Mộ liệt sĩ chưa xác định được thông tin,,,,,134,,9,
Hòa Phú,nt_hoa_phu,Mộ liệt sĩ chưa xác định được thông tin,,,,,135,,9,
Hòa Phú,nt_hoa_phu,Mộ liệt sĩ chưa xác định được thông tin,,,,,136,,9,
Hòa Phú,nt_hoa_phu,Mộ liệt sĩ chưa xác định được thông tin,,,,,137,,9,
Hòa Phú,nt_hoa_phu,LÊ VĂN THỐNG,1919,1966,Đông Lâm,Cán bộ địa phương,138,,9,
Hòa Phú,nt_hoa_phu,Mộ liệt sĩ chưa xác định được thông tin,,,,,139,,10,
Hòa Phú,nt_hoa_phu,Mộ liệt sĩ chưa xác định được thông tin,,,,,140,,10,
Hòa Phú,nt_hoa_phu,Mộ liệt sĩ chưa xác định được thông tin,,,,,141,,10,
Hòa Phú,nt_hoa_phu,Mộ liệt sĩ chưa xác định được thông tin,,,,,142,,10,
Hòa Phú,nt_hoa_phu,Mộ liệt sĩ chưa xác định được thông tin,,,,,143,,10,
Hòa Phú,nt_hoa_phu,Mộ liệt sĩ chưa xác định được thông tin,,,,,144,,10,
Hòa Phú,nt_hoa_phu,Mộ liệt sĩ chưa xác định được thông tin,,,,,145,,10,
Hòa Phú,nt_hoa_phu,Mộ liệt sĩ chưa xác định được thông tin,,,,,146,,10,
Hòa Phú,nt_hoa_phu,Mộ liệt sĩ chưa xác định được thông tin,,,,,147,,10,
Hòa Phong,nt_hoa_phong,Mộ liệt sĩ chưa xác định được thông tin,,,,,1,1,1,Khu A
Hòa Phong,nt_hoa_phong,Mộ liệt sĩ chưa xác định được thông tin,,,,,2,1,1,Khu A
Hòa Phong,nt_hoa_phong,Mộ liệt sĩ chưa xác định được thông tin,,,,,3,1,1,Khu A
Hòa Phong,nt_hoa_phong,Mộ liệt sĩ chưa xác định được thông tin,,,,,4,1,1,Khu A
Hòa Phong,nt_hoa_phong,Mộ liệt sĩ chưa xác định được thông tin,,,,,5,1,1,Khu A
Hòa Phong,nt_hoa_phong,Mộ liệt sĩ chưa xác định được thông tin,,,,,6,1,1,Khu A
Hòa Phong,nt_hoa_phong,Mộ liệt sĩ chưa xác định được thông tin,,,,,7,1,1,Khu A
Hòa Phong,nt_hoa_phong,Mộ liệt sĩ chưa xác định được thông tin,,,,,8,1,1,Khu A
Hòa Phong,nt_hoa_phong,Mộ liệt sĩ chưa xác định được thông tin,,,,,9,1,1,Khu A
Hòa Phong,nt_hoa_phong,Mộ liệt sĩ chưa xác định được thông tin,,,,,10,1,1,Khu A
Hòa Phong,nt_hoa_phong,Mộ liệt sĩ chưa xác định được thông tin,,,,,11,1,1,Khu A
Hòa Phong,nt_hoa_phong,Mộ liệt sĩ chưa xác định được thông tin,,,,,12,1,1,Khu A
Hòa Phong,nt_hoa_phong,Mộ liệt sĩ chưa xác định được thông tin,,,,,13,1,1,Khu A
Hòa Phong,nt_hoa_phong,Mộ liệt sĩ chưa xác định được thông tin,,,,,14,1,1,Khu A
Hòa Phong,nt_hoa_phong,Mộ liệt sĩ chưa xác định được thông tin,,,,,15,1,1,Khu A
Hòa Phong,nt_hoa_phong,Mộ liệt sĩ chưa xác định được thông tin,,,,,16,1,1,Khu A
Hòa Phong,nt_hoa_phong,Mộ liệt sĩ chưa xác định được thông tin,,,,,17,1,1,Khu A
Hòa Phong,nt_hoa_phong,Mộ liệt sĩ chưa xác định được thông tin,,,,,18,1,1,Khu A
Hòa Phong,nt_hoa_phong,Mộ liệt sĩ chưa xác định được thông tin,,,,,19,1,2,Khu A
Hòa Phong,nt_hoa_phong,Mộ liệt sĩ chưa xác định được thông tin,,,,,20,1,2,Khu A
Hòa Phong,nt_hoa_phong,Mộ liệt sĩ chưa xác định được thông tin,,,,,21,1,2,Khu A
Hòa Phong,nt_hoa_phong,LÊ BÁ TRUYỆN,,22/4/1969,Thanh Hóa,,22,1,2,Khu A
Hòa Phong,nt_hoa_phong,Mộ liệt sĩ chưa xác định được thông tin,,,,,23,1,2,Khu A
Hòa Phong,nt_hoa_phong,Mộ liệt sĩ chưa xác định được thông tin,,,,,24,1,2,Khu A
Hòa Phong,nt_hoa_phong,Mộ liệt sĩ chưa xác định được thông tin,,,,,25,1,2,Khu A
Hòa Phong,nt_hoa_phong,Mộ liệt sĩ chưa xác định được thông tin,,,,,26,1,2,Khu A
Hòa Phong,nt_hoa_phong,Mộ liệt sĩ chưa xác định được thông tin,,,,,27,1,2,Khu A
Hòa Phong,nt_hoa_phong,Mộ liệt sĩ chưa xác định được thông tin,,,,,28,1,2,Khu A
Hòa Phong,nt_hoa_phong,Mộ liệt sĩ chưa xác định được thông tin,,,,,29,1,2,Khu A
Hòa Phong,nt_hoa_phong,Mộ liệt sĩ chưa xác định được thông tin,,,,,30,1,2,Khu A
Hòa Phong,nt_hoa_phong,Mộ liệt sĩ chưa xác định được thông tin,,,,,31,1,2,Khu A
Hòa Phong,nt_hoa_phong,Mộ liệt sĩ chưa xác định được thông tin,,,,,32,1,2,Khu A
Hòa Phong,nt_hoa_phong,NGUYỄN DUY THẮNG,1938,23/2/1969,Hà Nam,Thiếu uý,33,1,2,Khu A
Hòa Phong,nt_hoa_phong,Mộ liệt sĩ chưa xác định được thông tin,,,,,34,1,2,Khu A
Hòa Phong,nt_hoa_phong,Mộ liệt sĩ chưa xác định được thông tin,,,,,35,1,2,Khu A
Hòa Phong,nt_hoa_phong,Mộ liệt sĩ chưa xác định được thông tin,,,,,36,1,3,Khu A
Hòa Phong,nt_hoa_phong,Mộ liệt sĩ chưa xác định được thông tin,,,,,37,1,3,Khu A
Hòa Phong,nt_hoa_phong,NGUYỄN QUẢNG BA,1949,19/3/1969,Hà Tây,Hạ sĩ,38,1,3,Khu A
Hòa Phong,nt_hoa_phong,TRẦN QUANG TRUNG,1936,10/9/1969,Thái Bình,Thiếu úy,39,1,3,Khu A
Hòa Phong,nt_hoa_phong,Mộ liệt sĩ chưa xác định được thông tin,,,,,40,1,3,Khu A
Hòa Phong,nt_hoa_phong,Mộ liệt sĩ chưa xác định được thông tin,,,,,41,1,3,Khu A
Hòa Phong,nt_hoa_phong,Mộ liệt sĩ chưa xác định được thông tin,,,,,42,1,3,Khu A
Hòa Phong,nt_hoa_phong,NGUYỄN XUÂN ĐẢNG,1951,8/12/1969,Hà Nội,A Trưởng,43,1,3,Khu A
Hòa Phong,nt_hoa_phong,Mộ liệt sĩ chưa xác định được thông tin,,,,,44,1,3,Khu A
Hòa Phong,nt_hoa_phong,Mộ liệt sĩ chưa xác định được thông tin,,,,,45,1,3,Khu A
Hòa Phong,nt_hoa_phong,Mộ liệt sĩ chưa xác định được thông tin,,,,,46,1,3,Khu A
Hòa Phong,nt_hoa_phong,Mộ liệt sĩ chưa xác định được thông tin,,,,,47,1,3,Khu A
Hòa Phong,nt_hoa_phong,Mộ liệt sĩ chưa xác định được thông tin,,,,,48,1,3,Khu A
Hòa Phong,nt_hoa_phong,Mộ liệt sĩ chưa xác định được thông tin,,,,,49,1,3,Khu A
Hòa Phong,nt_hoa_phong,Mộ liệt sĩ chưa xác định được thông tin,,,,,50,1,3,Khu A
Hòa Phong,nt_hoa_phong,Mộ liệt sĩ chưa xác định được thông tin,,,,,51,1,3,Khu A
Hòa Phong,nt_hoa_phong,VŨ HÙNG CƯỜNG,,1969,Thái Bình,Trung Sỹ,52,1,3,Khu A
Hòa Phong,nt_hoa_phong,Mộ liệt sĩ chưa xác định được thông tin,,,,,53,1,3,Khu A
Hòa Phong,nt_hoa_phong,Mộ liệt sĩ chưa xác định được thông tin,,,,,54,1,4,Khu A
Hòa Phong,nt_hoa_phong,Mộ liệt sĩ chưa xác định được thông tin,,,,,55,1,4,Khu A
Hòa Phong,nt_hoa_phong,ĐOÀN NGỌC DẬU,1944,23/2/1969,Vĩnh Phúc,,56,1,4,Khu A
Hòa Phong,nt_hoa_phong,Mộ liệt sĩ chưa xác định được thông tin,,,,,57,1,4,Khu A
Hòa Phong,nt_hoa_phong,Mộ liệt sĩ chưa xác định được thông tin,,,,,58,1,4,Khu A
Hòa Phong,nt_hoa_phong,Mộ liệt sĩ chưa xác định được thông tin,,,,,59,1,4,Khu A
Hòa Phong,nt_hoa_phong,Mộ liệt sĩ chưa xác định được thông tin,,,,,60,1,4,Khu A
Hòa Phong,nt_hoa_phong,Mộ liệt sĩ chưa xác định được thông tin,,,,,61,1,4,Khu A
Hòa Phong,nt_hoa_phong,Mộ liệt sĩ chưa xác định được thông tin,,,,,62,1,4,Khu A
Hòa Phong,nt_hoa_phong,Mộ liệt sĩ chưa xác định được thông tin,,,,,63,1,4,Khu A
Hòa Phong,nt_hoa_phong,NGUYỄN VĂN NGỌ,,24/2/1969,Hà Nội,Thượng sĩ,64,1,4,Khu A
Hòa Phong,nt_hoa_phong,BÙI VĂN HIỀN(HIỂN),,1969-12-14 00:00:00,Thanh Hóa,Thượng sĩ,65,1,4,Khu A
Hòa Phong,nt_hoa_phong,Mộ liệt sĩ chưa xác định được thông tin,,,,,66,1,4,Khu A
Hòa Phong,nt_hoa_phong,Mộ liệt sĩ chưa xác định được thông tin,,,,,67,1,4,Khu A
Hòa Phong,nt_hoa_phong,NGUYỄN RÁNG( NGHI),,12/1/1968,Hòa Hải,CB xã,68,1,4,Khu A
Hòa Phong,nt_hoa_phong,Mộ liệt sĩ chưa xác định được thông tin,,,,,69,1,4,Khu A
Hòa Phong,nt_hoa_phong,BÙI VĂN NGẠNH,,19/3/1969,Hải Phòng,Tiểu đội trưởng,70,1,4,Khu A
Hòa Phong,nt_hoa_phong,Mộ liệt sĩ chưa xác định được thông tin,,,,,71,2,5,Khu A
Hòa Phong,nt_hoa_phong,Mộ liệt sĩ chưa xác định được thông tin,,,,,72,2,5,Khu A
Hòa Phong,nt_hoa_phong,Mộ liệt sĩ chưa xác định được thông tin,,,,,73,2,5,Khu A
Hòa Phong,nt_hoa_phong,Mộ liệt sĩ chưa xác định được thông tin,,,,,74,2,5,Khu A
Hòa Phong,nt_hoa_phong,Mộ liệt sĩ chưa xác định được thông tin,,,,,75,2,5,Khu A
Hòa Phong,nt_hoa_phong,Mộ liệt sĩ chưa xác định được thông tin,,,,,76,2,5,Khu A
Hòa Phong,nt_hoa_phong,Mộ liệt sĩ chưa xác định được thông tin,,,,,77,2,5,Khu A
Hòa Phong,nt_hoa_phong,Mộ liệt sĩ chưa xác định được thông tin,,,,,78,2,5,Khu A
Hòa Phong,nt_hoa_phong,PHẠM VĂN NHU,1933,8/5/1965,Hòa Nhơn,Trung Úy,79,2,5,Khu A
Hòa Phong,nt_hoa_phong,NGUYỄN VÀNG(TN),1926,05/10/1947,Hòa Phong,Chiến sĩ,80,2,5,Khu A
Hòa Phong,nt_hoa_phong,Mộ liệt sĩ chưa xác định được thông tin,,,,,81,2,5,Khu A
Hòa Phong,nt_hoa_phong,Mộ liệt sĩ chưa xác định được thông tin,,,,,82,2,5,Khu A
Hòa Phong,nt_hoa_phong,Mộ liệt sĩ chưa xác định được thông tin,,,,,83,2,5,Khu A
Hòa Phong,nt_hoa_phong,Mộ liệt sĩ chưa xác định được thông tin,,,,,84,2,5,Khu A
Hòa Phong,nt_hoa_phong,Mộ liệt sĩ chưa xác định được thông tin,,,,,85,2,5,Khu A
Hòa Phong,nt_hoa_phong,Mộ liệt sĩ chưa xác định được thông tin,,,,,86,2,5,Khu A
Hòa Phong,nt_hoa_phong,Mộ liệt sĩ chưa xác định được thông tin,,,,,87,2,5,Khu A
Hòa Phong,nt_hoa_phong,Mộ liệt sĩ chưa xác định được thông tin,,,,,88,2,5,Khu A
Hòa Phong,nt_hoa_phong,Mộ liệt sĩ chưa xác định được thông tin,,,,,89,2,6,Khu A
Hòa Phong,nt_hoa_phong,Mộ liệt sĩ chưa xác định được thông tin,,,,,90,2,6,Khu A
Hòa Phong,nt_hoa_phong,Mộ liệt sĩ chưa xác định được thông tin,,,,,91,2,6,Khu A
Hòa Phong,nt_hoa_phong,Mộ liệt sĩ chưa xác định được thông tin,,,,,92,2,6,Khu A
Hòa Phong,nt_hoa_phong,Mộ liệt sĩ chưa xác định được thông tin,,,,,93,2,6,Khu A
Hòa Phong,nt_hoa_phong,HỒ BÁ PHƯƠNG,1950,1969-06-06 00:00:00,TP vinh,Hạ sĩ,94,2,6,Khu A
Hòa Phong,nt_hoa_phong,Mộ liệt sĩ chưa xác định được thông tin,,,,,95,2,6,Khu A
Hòa Phong,nt_hoa_phong,Mộ liệt sĩ chưa xác định được thông tin,,,,,96,2,6,Khu A
Hòa Phong,nt_hoa_phong,Mộ liệt sĩ chưa xác định được thông tin,,,,,97,2,6,Khu A
Hòa Phong,nt_hoa_phong,Mộ liệt sĩ chưa xác định được thông tin,,,,,98,2,6,Khu A
Hòa Phong,nt_hoa_phong,Mộ liệt sĩ chưa xác định được thông tin,,,,,99,2,6,Khu A
Hòa Phong,nt_hoa_phong,Mộ liệt sĩ chưa xác định được thông tin,,,,,100,2,6,Khu A
Hòa Phong,nt_hoa_phong,Mộ liệt sĩ chưa xác định được thông tin,,,,,101,2,6,Khu A
Hòa Phong,nt_hoa_phong,LƯƠNG TIẾN THUẬT,1948,23/2/1969,Thái Bình,Hạ sĩ,102,2,6,Khu A
Hòa Phong,nt_hoa_phong,Mộ liệt sĩ chưa xác định được thông tin,,,,,103,2,6,Khu A
Hòa Phong,nt_hoa_phong,Mộ liệt sĩ chưa xác định được thông tin,,,,,104,2,6,Khu A
Hòa Phong,nt_hoa_phong,Mộ liệt sĩ chưa xác định được thông tin,,,,,105,2,6,Khu A
Hòa Phong,nt_hoa_phong,Mộ liệt sĩ chưa xác định được thông tin,,,,,106,2,6,Khu A
Hòa Phong,nt_hoa_phong,Mộ liệt sĩ chưa xác định được thông tin,,,,,107,2,7,Khu A
Hòa Phong,nt_hoa_phong,Mộ liệt sĩ chưa xác định được thông tin,,,,,108,2,7,Khu A
Hòa Phong,nt_hoa_phong,NGUYỄN ĐỨC SANG,,Tháng 12/1967,Miền Bắc,,109,2,7,Khu A
Hòa Phong,nt_hoa_phong,Mộ liệt sĩ chưa xác định được thông tin,,,,,110,2,7,Khu A
Hòa Phong,nt_hoa_phong,CHU VĂN SỸ,,Tháng 5/1965,Hà Tây,,111,2,7,Khu A
Hòa Phong,nt_hoa_phong,NGUYỄN CÔNG HOAN,,Tháng 10/1960,Ngoài địa phương,Trung Sĩ,112,2,7,Khu A
Hòa Phong,nt_hoa_phong,NGÔ VĂN VŨ,1938,1964-08-23 00:00:00,Hòa Phong,Cán bộ huyện,113,2,7,Khu A
Hòa Phong,nt_hoa_phong,LÊ XỮ,1940,13/11/1966,Hòa Phong,Du kích,114,2,7,Khu A
Hòa Phong,nt_hoa_phong,ĐẶNG CÔNG NHÂM,1937,17/10/1970,Hòa Phong,Công an xã,115,2,7,Khu A
Hòa Phong,nt_hoa_phong,Mộ liệt sĩ chưa xác định được thông tin,,,,,116,2,7,Khu A
Hòa Phong,nt_hoa_phong,Mộ liệt sĩ chưa xác định được thông tin,,,,,117,2,7,Khu A
Hòa Phong,nt_hoa_phong,Mộ liệt sĩ chưa xác định được thông tin,,,,,118,2,7,Khu A
Hòa Phong,nt_hoa_phong,Mộ liệt sĩ chưa xác định được thông tin,,,,,119,2,7,Khu A
Hòa Phong,nt_hoa_phong,Mộ liệt sĩ chưa xác định được thông tin,,,,,120,2,7,Khu A
Hòa Phong,nt_hoa_phong,Mộ liệt sĩ chưa xác định được thông tin,,,,,121,2,7,Khu A
Hòa Phong,nt_hoa_phong,ĐẶNG CÔNG PHỤNG,1925,04/01/1965,Hòa Phong,CTV phó đại đội,122,2,7,Khu A
Hòa Phong,nt_hoa_phong,Mộ liệt sĩ chưa xác định được thông tin,,,,,123,2,7,Khu A
Hòa Phong,nt_hoa_phong,Mộ liệt sĩ chưa xác định được thông tin,,,,,124,2,7,Khu A
Hòa Phong,nt_hoa_phong,Mộ liệt sĩ chưa xác định được thông tin,,,,,125,2,7,Khu A
Hòa Phong,nt_hoa_phong,Mộ liệt sĩ chưa xác định được thông tin,,,,,126,2,7,Khu A
Hòa Phong,nt_hoa_phong,Mộ liệt sĩ chưa xác định được thông tin,,,,,127,2,7,Khu A
Hòa Phong,nt_hoa_phong,Mộ liệt sĩ chưa xác định được thông tin,,,,,128,2,7,Khu A
Hòa Phong,nt_hoa_phong,NGUYỄN ĐĂNG THU,1948,5/9/1969,Hà Nội,"Trung sĩ, A trưởng",129,3,8,Khu A
Hòa Phong,nt_hoa_phong,NGUYỄN ĐĂNG TÝ,,12/1967,Hà Nội,Hạ sĩ,130,3,8,Khu A
Hòa Phong,nt_hoa_phong,NGUYỄN VIẾT LƯ,,1974-11-19 00:00:00,Hà Tây,Bộ đội,131,3,8,Khu A
Hòa Phong,nt_hoa_phong,ĐỖ THANH CÚC,1944,27/7/1969,Phú Thọ,C phó,132,3,8,Khu A
Hòa Phong,nt_hoa_phong,NGUYỄN VĂN THÌN,,Tháng 10/1969,Thanh Hóa,,133,3,8,Khu A
Hòa Phong,nt_hoa_phong,NGUYỄN VĂN MÂU,1929,31/1/1968,Thái Bình,"Trung úy, CTV",134,3,8,Khu A
Hòa Phong,nt_hoa_phong,NGUYỄN NGỌC THANH,,Tháng 8/1968,Thái Bình,,135,3,8,Khu A
Hòa Phong,nt_hoa_phong,NGUYỄN CHÍ KHẢI,,Tháng 8/1968,Miền Bắc,,136,3,8,Khu A
Hòa Phong,nt_hoa_phong,NGUYỄN DUY NGỮ,,Tháng 11/1974,Miền Bắc,,137,3,8,Khu A
Hòa Phong,nt_hoa_phong,CAO HÙNG PHƯỢNG,1931,05/03/1974,Hòa Phong,CB ty thương nghiệp,138,3,8,Khu A
Hòa Phong,nt_hoa_phong,TRẦN GIÁO,1949,31/08/1968,Hòa Phong,A phó,139,3,8,Khu A
Hòa Phong,nt_hoa_phong,LÊ THẮNG,1931,02/11/1966,Hòa Phong,Du kích,140,3,9,Khu A
Hòa Phong,nt_hoa_phong,NGUYỄN MẬU,1952,18/10/1973,Hòa Phong,Tiểu đoàn trưởng,141,3,9,Khu A
Hòa Phong,nt_hoa_phong,LÊ TUI,1945,14/10/1964,Hòa Phong,Đội viên DK,142,3,9,Khu A
Hòa Phong,nt_hoa_phong,LÊ TỰU,1935,02/06/1968,Hòa Phong,CTV đại đội,143,3,9,Khu A
Hòa Phong,nt_hoa_phong,NGUYỄN LƯƠNG QUYỀN,,1962,Hòa Khương,CSCM,144,3,9,Khu A
Hòa Phong,nt_hoa_phong,TRẦN CÔNG TOẢN,1940,1970,Hòa Phú,Y sĩ,145,3,9,Khu A
Hòa Phong,nt_hoa_phong,NGUYỄN VĂN HIẾN,,26/05/1970,Hưng Yên,Chiến sĩ,146,3,9,Khu A
Hòa Phong,nt_hoa_phong,NGUYỄN DÀO,,Tháng 8/1968,Hòa Bắc,QĐNDVN,147,3,9,Khu A
Hòa Phong,nt_hoa_phong,Mộ liệt sĩ chưa xác định được thông tin,,,,,148,3,9,Khu A
Hòa Phong,nt_hoa_phong,Mộ liệt sĩ chưa xác định được thông tin,,,,,149,3,9,Khu A
Hòa Phong,nt_hoa_phong,Mộ liệt sĩ chưa xác định được thông tin,,,,,150,3,9,Khu A
Hòa Phong,nt_hoa_phong,Mộ liệt sĩ chưa xác định được thông tin,,,,,151,3,9,Khu A
Hòa Phong,nt_hoa_phong,Mộ liệt sĩ chưa xác định được thông tin,,,,,152,3,9,Khu A
Hòa Phong,nt_hoa_phong,Mộ liệt sĩ chưa xác định được thông tin,,,,,153,3,9,Khu A
Hòa Phong,nt_hoa_phong,NGUYỄN VĂN ĐĨNH,,25/2/1969,Vĩnh Phúc,"B, phóThượng sĩ",154,3,9,Khu A
Hòa Phong,nt_hoa_phong,Mộ liệt sĩ chưa xác định được thông tin,,,,,155,3,9,Khu A
Hòa Phong,nt_hoa_phong,Mộ liệt sĩ chưa xác định được thông tin,,,,,156,3,9,Khu A
Hòa Phong,nt_hoa_phong,Mộ liệt sĩ chưa xác định được thông tin,,,,,157,3,9,Khu A
Hòa Phong,nt_hoa_phong,ĐÀO VĂN HÂN,,1969-04-07 00:00:00,Hà Tĩnh,Hạ sĩ,158,3,10,Khu A
Hòa Phong,nt_hoa_phong,Mộ liệt sĩ chưa xác định được thông tin,,,,,159,3,10,Khu A
Hòa Phong,nt_hoa_phong,Mộ liệt sĩ chưa xác định được thông tin,,,,,160,3,10,Khu A
Hòa Phong,nt_hoa_phong,Mộ liệt sĩ chưa xác định được thông tin,,,,,161,3,10,Khu A
Hòa Phong,nt_hoa_phong,Mộ liệt sĩ chưa xác định được thông tin,,,,,162,3,10,Khu A
Hòa Phong,nt_hoa_phong,Mộ liệt sĩ chưa xác định được thông tin,,,,,163,3,10,Khu A
Hòa Phong,nt_hoa_phong,NGUYỄN ĐÌNH CHỐI,,23/2/1969,Nam Hà,"Trung sĩ, A trưởng",164,3,10,Khu A
Hòa Phong,nt_hoa_phong,Mộ liệt sĩ chưa xác định được thông tin,,,,,165,3,10,Khu A
Hòa Phong,nt_hoa_phong,PHẠM LONG,1950,19/5/1968,Hòa Phong,Chiến sĩ,166,3,10,Khu A
Hòa Phong,nt_hoa_phong,Mộ liệt sĩ chưa xác định được thông tin,,,,,167,3,10,Khu A
Hòa Phong,nt_hoa_phong,ÔNG DỤC,,Tháng 12/1965,Hòa Hải,,168,3,10,Khu A
Hòa Phong,nt_hoa_phong,HÀ VĂN TÍNH,,1974,Hòa Hải,,169,3,10,Khu A
Hòa Phong,nt_hoa_phong,HUỲNH VĂN TÂM,1945,1966-08-11 00:00:00,Hòa Phong,CB xã,170,3,10,Khu A
Hòa Phong,nt_hoa_phong,MẠC NHƯ CHI,,1967-05-05 00:00:00,Hòa Phú,Du kích,171,3,10,Khu A
Hòa Phong,nt_hoa_phong,PHẠM XANG,1943,28/1/1965,Hòa Phong,An ninh,172,3,10,Khu A
Hòa Phong,nt_hoa_phong,TRẦN THI SÁCH,1933,27/7/1964,Hòa Phong,A trưởng,173,3,10,Khu A
Hòa Phong,nt_hoa_phong,LÊ PHÚ CƯỜNG(TN),1956,Tháng 8/1970,Hòa Phong,Tiểu đội phó,174,3,10,Khu A
Hòa Phong,nt_hoa_phong,LÊ PHÚ TỰ(TN),1947,15/12/1967,Hòa Phong,Tiểu đội phó,175,4,11,Khu A
Hòa Phong,nt_hoa_phong,LÊ VĂN CỪ(TN),1920,Tháng 5/1969,Hòa Phong,Trưởng ban tuyên huấn,176,4,11,Khu A
Hòa Phong,nt_hoa_phong,TRẦN HỮU THỐNG(TN),,31/1/1968,Hòa Phong,Tiểu đội phó,177,4,11,Khu A
Hòa Phong,nt_hoa_phong,TRẦN HỮU CỬ( TN),1931,12/10/1964,Hòa Phong,CB binh vận,178,4,11,Khu A
Hòa Phong,nt_hoa_phong,NGUYỄN VĂN XÂNG,1950,15/8/1969,Hòa Phong,Chiến sĩ,179,4,11,Khu A
Hòa Phong,nt_hoa_phong,LÊ DOÃN TRÌ(TN),,1949-07-27 00:00:00,Hòa Phong,A trưởng,180,4,11,Khu A
Hòa Phong,nt_hoa_phong,LÊ DOÃN PHÁN,,14/9/1954,Hòa Phong,Bí thư nông hội,181,4,11,Khu A
Hòa Phong,nt_hoa_phong,Mộ liệt sĩ chưa xác định được thông tin,,,,,182,4,11,Khu A
Hòa Phong,nt_hoa_phong,Mộ liệt sĩ chưa xác định được thông tin,,,,,183,4,11,Khu A
Hòa Phong,nt_hoa_phong,Mộ liệt sĩ chưa xác định được thông tin,,,,,184,4,11,Khu A
Hòa Phong,nt_hoa_phong,Mộ liệt sĩ chưa xác định được thông tin,,,,,185,4,11,Khu A
Hòa Phong,nt_hoa_phong,Mộ liệt sĩ chưa xác định được thông tin,,,,,186,4,11,Khu A
Hòa Phong,nt_hoa_phong,NGUYỄN VĂN TRỌNG,,26/9/1969,Vĩnh Phúc,"Trung sĩ, A trưởng",187,4,11,Khu A
Hòa Phong,nt_hoa_phong,Mộ liệt sĩ chưa xác định được thông tin,,,,,188,4,11,Khu A
Hòa Phong,nt_hoa_phong,Mộ liệt sĩ chưa xác định được thông tin,,,,,189,4,11,Khu A
Hòa Phong,nt_hoa_phong,Mộ liệt sĩ chưa xác định được thông tin,,,,,190,4,11,Khu A
Hòa Phong,nt_hoa_phong,MAI HÙNG TU,,31/3/1968,Thanh Hóa,,191,4,11,Khu A
Hòa Phong,nt_hoa_phong,Mộ liệt sĩ chưa xác định được thông tin,,,,,192,4,12,Khu A
Hòa Phong,nt_hoa_phong,Mộ liệt sĩ chưa xác định được thông tin,,,,,193,4,12,Khu A
Hòa Phong,nt_hoa_phong,Mộ liệt sĩ chưa xác định được thông tin,,,,,194,4,12,Khu A
Hòa Phong,nt_hoa_phong,TRẦN TẠO,,23/2/1969,Vĩnh Phúc,Thiếu úy,195,4,12,Khu A
Hòa Phong,nt_hoa_phong,Mộ liệt sĩ chưa xác định được thông tin,,,,,196,4,12,Khu A
Hòa Phong,nt_hoa_phong,TRẦN MÃNG(TN),1947,13/8/1972,Hòa Phong,Đại đội phó,197,4,12,Khu A
Hòa Phong,nt_hoa_phong,TRẦN VĂN CHÚC(TN),1941,1968-04-22 00:00:00,Hòa Phong,Công an tỉnh,198,4,12,Khu A
Hòa Phong,nt_hoa_phong,ĐỖ THỊ NHƯ(TN),1940,16/12/1973,Hòa Phong,Hội trưởng PN,199,4,12,Khu A
Hòa Phong,nt_hoa_phong,LÊ THỊ QUÝT(TN),,Tháng 3/1968,Hòa Phong,Dược sĩ ban dân y tỉnh,200,4,12,Khu A
Hòa Phong,nt_hoa_phong,PHẬM ĐÌNH ÂN(TN),1943,1969-07-01 00:00:00,Hòa Phong,Xã đội phó,201,4,12,Khu A
Hòa Phong,nt_hoa_phong,NGUYỄN VĂN SƠN,1947,05/04/1970,Hòa Phong,Trợ lý tác huấn,202,4,12,Khu A
Hòa Phong,nt_hoa_phong,PHẠM ĐÌNH TUẤN(TN),,27/7/1968,Hòa Phong,Tiểu đội trưởng,203,4,12,Khu A
Hòa Phong,nt_hoa_phong,PHẠM ĐÌNH TẶNG(TN),1937,9/2/1966,Hòa Phong,Du kích,204,4,12,Khu A
Hòa Phong,nt_hoa_phong,PHẠM ĐÌNH THỌ(TN),1946,7/1/1968,Hòa Phong,Chuẩn úy công an,205,4,12,Khu A
Hòa Phong,nt_hoa_phong,NGUYỄN THANH,,18/1/1966,Hòa Phong,CTV đại đội,206,4,12,Khu A
Hòa Phong,nt_hoa_phong,HUỲNH NGA,1939,1969-10-10 00:00:00,Hòa Phong,Giao liên huyện,207,4,12,Khu A
Hòa Phong,nt_hoa_phong,NGUYỄN SỎI,,01/07/1965,Hòa Phong,Du kích,208,4,12,Khu A
Hòa Phong,nt_hoa_phong,NGUYỄN XÍ,1947,09/12/1968,Hòa Phong,Chiến sĩ,209,4,12,Khu A
Hòa Phong,nt_hoa_phong,PHẠM Á,,1964-02-15 00:00:00,Hòa Phong,Chiến sĩ,210,4,13,Khu A
Hòa Phong,nt_hoa_phong,LÊ HẢO,1941,20/8/1968,Hòa Phong,Xã đội trưởng,211,4,13,Khu A
Hòa Phong,nt_hoa_phong,LÂM QUANG TRÚC,,18/3/1967,Hòa Phong,Du kích,212,4,13,Khu A
Hòa Phong,nt_hoa_phong,NGUYỄN HỮU MỄ,1955,23/6/1972,Hòa Phong,Xã đội phó,213,4,13,Khu A
Hòa Phong,nt_hoa_phong,PHẠM THỊ HƯỜNG,,04/03/1972,Hòa Phong,Chiến sĩ,214,4,13,Khu A
Hòa Phong,nt_hoa_phong,LÊ DẦN,1926,9/1968,Hòa Phong,Dân công hỏa tiến,215,4,13,Khu A
Hòa Phong,nt_hoa_phong,LÊ DỌNG,1939,19/03/1970,Hòa Phong,Xã đội trưởng,216,4,13,Khu A
Hòa Phong,nt_hoa_phong,LÂM THỊ THỨ,1947,2/8/1969,Hòa Phong,CB phụ nữ,217,4,13,Khu A
Hòa Phong,nt_hoa_phong,NGUYỄN CHÁNH,,3/12/1966,Hòa Phong,B trưởng,218,4,13,Khu A
Hòa Phong,nt_hoa_phong,NGUYỄN NHI,,12/10/1966,Hòa Phong,Trưởng ban Ktài,219,4,13,Khu A
Hòa Phong,nt_hoa_phong,LÊ MINH,1932,1/4/1970,Hòa Phong,BT nông hội,220,4,13,Khu A
Hòa Phong,nt_hoa_phong,LÂM QUANG TRIỆN,,5/1955,Hòa Phong,B phó dân quân,221,4,13,Khu A
Hòa Phong,nt_hoa_phong,LÊ THỊ DIÊN,,03/08/1963,Hòa Phong,Cán bộ phụ nữ,222,4,13,Khu A
Hòa Phong,nt_hoa_phong,LÊ THỊ CƯU,,19/1/1972,Hòa Phong,A trưởng,223,4,13,Khu A
Hòa Phong,nt_hoa_phong,LÂM HỮU PHÚ,1949,17/3/1969,Hòa Phong,A trưởng,224,4,13,Khu A
Hòa Phong,nt_hoa_phong,LÂM QUANG THỎ,1939,24/8/1970,Hòa Phong,PBT chi bộ,225,4,13,Khu A
Hòa Phong,nt_hoa_phong,LÊ THIỆN ĐỢI,1946,22/9/1969,Hòa Phong,Cb kinh tài xã,226,4,13,Khu A
Hòa Phong,nt_hoa_phong,LÊ TRUNG MỸ,1913,1949-04-14 00:00:00,Hòa Phong,Trưởng ban KT,227,5,14,Khu A
Hòa Phong,nt_hoa_phong,NGUYỄN NẪM ( Nguyễn Văn Nẫm),,23/4/1957,Hòa Phong,Huyện ủy viên,228,5,14,Khu A
Hòa Phong,nt_hoa_phong,PHẠM ĐÌNH TÂN,1944,1/5/1970,Hòa Phong,Chánh VP Huyện ủy,229,5,14,Khu A
Hòa Phong,nt_hoa_phong,PHẠM ĐÌNH Ất,,31/8/1968,Hòa Phong,CVT phó đại đội,230,5,14,Khu A
Hòa Phong,nt_hoa_phong,ĐẶNG GIÃI (TN),,1965,Hòa Phong,Tỉnh đội trưởng,231,5,14,Khu A
Hòa Phong,nt_hoa_phong,LÊ ĐÌNH HOÀN,,16/6/1948,Hòa Phong,C trưởng,232,5,14,Khu A
Hòa Phong,nt_hoa_phong,CHÂU QUANG THUYÊN,1918,1949-01-12 00:00:00,Hòa Phong,CT UBHV,233,5,14,Khu A
Hòa Phong,nt_hoa_phong,NGUYỄN NHÌ( HOÀNG HỮU HÀ),,16/11/1967,Hòa Phong,Chánh VP,234,5,14,Khu A
Hòa Phong,nt_hoa_phong,ĐẶNG NGỌ,1916,1941-05-14 00:00:00,Hòa Phong,BT chi bộ xã,235,5,14,Khu A
Hòa Phong,nt_hoa_phong,LÊ VĂN LONG,1925,1952,Hòa Phong,Nhân viên ty công an,236,5,14,Khu A
Hòa Phong,nt_hoa_phong,NGUYỄN TÙNG(TN),,27/6/1947,Hòa Phong,Đại đội phó,237,5,14,Khu A
Hòa Phong,nt_hoa_phong,PHẠM HỌC(TN),,27/7/1960,Hòa Phong,C phó,238,5,14,Khu A
Hòa Phong,nt_hoa_phong,ĐẶNG CÔNG XUÂN(TN),1916,18/8/1953,Hòa Phong,CVT xã đội,239,5,14,Khu A
Hòa Phong,nt_hoa_phong,LÊ DOÃN THOẢ,1919,20/2/1966,Hòa Phong,CB ngân hàng,240,5,14,Khu A
Hòa Phong,nt_hoa_phong,PHẠM ĐÌNH HIỆU,,1967-04-12 00:00:00,Hòa Phong,Du kích,241,5,14,Khu A
Hòa Phong,nt_hoa_phong,NGUYỄN VĂN ANH,1937,21/10/1968,Hòa Phong,BT nông hội,242,5,14,Khu A
Hòa Phong,nt_hoa_phong,HỨA THỊ CHUẨN,1944,07/12/1970,Hòa Phong,Bí thư chi bộ,243,5,14,Khu A
Hòa Phong,nt_hoa_phong,TÁN XỰ,1928,Tháng 5/1968,Hòa Phong,An ninh xã,244,5,14,Khu A
Hòa Phong,nt_hoa_phong,TÁN YẾN,1948,06/02/1968,Hòa Phong,Xã đội phó,245,5,14,Khu A
Hòa Phong,nt_hoa_phong,NGUYỄN KHẨN,,Tháng 8/1968,Bình Định,Thượng sĩ,246,5,14,Khu A
Hòa Phong,nt_hoa_phong,HỨA DIỆT,1952,1974-06-30 00:00:00,Hòa Phong,Tiểu đội trưởng,247,5,14,Khu A
Hòa Phong,nt_hoa_phong,HỨA TỈNH,1945,1969-06-26 00:00:00,Hòa Phong,Trưởng an ninh xã,248,5,14,Khu A
Hòa Phong,nt_hoa_phong,PHẠM VĂN QUANG,1948,1969-06-16 00:00:00,Hòa Phong,B phó,249,5,14,Khu A
Hòa Phong,nt_hoa_phong,TRẦN ĐỨC XUÂN,1953,Tháng 10/1975,Hòa Phong,Du kích,250,5,14,Khu A
Hòa Phong,nt_hoa_phong,LÊ DOÃN ĐIỂM,1949,17/1/1969,Hòa Phong,Tiểu đội phó,251,5,14,Khu A
Hòa Phong,nt_hoa_phong,LÊ DOÃN ÚT,1934,1967-07-15 00:00:00,Hòa Phong,Cán bộ K. tài,252,5,14,Khu A
Hòa Phong,nt_hoa_phong,NGUYỄN VĂN KHANH,,1963-04-07 00:00:00,Hòa Phong,CB huyện,253,5,14,Khu A
Hòa Phong,nt_hoa_phong,PHÙNG VĂN BÁ,,Tháng 1/1969,Hòa Thọ,Kinh tài,254,5,14,Khu A
Hòa Phong,nt_hoa_phong,TRẦN VUI,1951,25/2/1969,Hòa Phong,B phó,255,5,14,Khu A
Hòa Phong,nt_hoa_phong,LÊ ĐÌNH KẾ,1918,15/8/1951,Hòa Phong,Tiểu đội phó  DK,256,5,14,Khu A
Hòa Phong,nt_hoa_phong,TÁN DIỆN,,22/4/1966,Hòa Phong,Du kích,257,5,14,Khu A
Hòa Phong,nt_hoa_phong,NGUYỄN THỊ XUYẾN,1946,01/06/1970,Hòa Phong,Xã đội trưởng,258,5,15,Khu A
Hòa Phong,nt_hoa_phong,NGUYỄN RỰA,,13/10/1961,Hòa Phong,CB kinh tài,259,5,15,Khu A
Hòa Phong,nt_hoa_phong,NGUYỄN NUÔI,,06/05/1967,Hòa Phong,Du kích,260,5,15,Khu A
Hòa Phong,nt_hoa_phong,NGUYỄN THUA,1940,10/12/1967,Hòa Phong,Du kích,261,5,15,Khu A
Hòa Phong,nt_hoa_phong,TÁN MẶN,1941,09/11/1967,Hòa Phong,Du kích,262,5,15,Khu A
Hòa Phong,nt_hoa_phong,TRẦN NHA,,29/7/1952,Hòa Phong,Tiểu đội phó,263,5,15,Khu A
Hòa Phong,nt_hoa_phong,TRẦN TIẾT,1943,20/3/1968,Hòa Phong,Chiến sĩ,264,5,15,Khu A
Hòa Phong,nt_hoa_phong,TRẦN HÒE,1946,29/11/1973,Hòa Phong,A trưởng,265,5,15,Khu A
Hòa Phong,nt_hoa_phong,LÊ DOÃN VÂN,1937,13/10/1968,Hòa Phong,A trưởng,266,5,15,Khu A
Hòa Phong,nt_hoa_phong,LÊ TY,1950,10/1/1969,Hòa Phong,Chiến sĩ,267,5,15,Khu A
Hòa Phong,nt_hoa_phong,TRƯƠNG VĂN BA,1940,25/5/1968,Hòa Phong,Trưởng ban KT,268,5,15,Khu A
Hòa Phong,nt_hoa_phong,LÊ HAY,1952,1969-09-09 00:00:00,Hòa Phong,A trưởng,269,5,15,Khu A
Hòa Phong,nt_hoa_phong,PHẠM NGỌ,1930,10/01/1969,Hòa Phong,A trưởng,270,5,15,Khu A
Hòa Phong,nt_hoa_phong,PHẠM EM,,17/6/1966,Hòa Phong,Du kích,271,5,15,Khu A
Hòa Phong,nt_hoa_phong,PHẠM Ẩn,1951,1969-06-21 00:00:00,Hòa Phong,Du kích,272,5,15,Khu A
Hòa Phong,nt_hoa_phong,TRẦN SƠN,1945,1967-11-29 00:00:00,Hòa Phong,Du kích,273,5,15,Khu A
Hòa Phong,nt_hoa_phong,LÊ TIẾN,1948,1968-11-17 00:00:00,Hòa Phong,Chiến sĩ,274,5,15,Khu A
Hòa Phong,nt_hoa_phong,LÊ TOAN,,1965-12-18 00:00:00,Hòa Phong,Trưởng ban an ninh,275,5,15,Khu A
Hòa Phong,nt_hoa_phong,TRẦN VĂN TRÒN,,18/1/1967,Hòa Phong,Xã đội phó,276,5,15,Khu A
Hòa Phong,nt_hoa_phong,TRẦN VĂN DẬU,1951,11/7/1967,Hòa Phong,Du kích,277,5,15,Khu A
Hòa Phong,nt_hoa_phong,ĐẶNG QUYẾN,,21/4/1965,Hòa Minh,Tiểu đội trưởng,278,5,15,Khu A
Hòa Phong,nt_hoa_phong,NGUYỄN THỊ EM,1952,18/7/1968,Hòa Phong,Du kích,279,5,15,Khu A
Hòa Phong,nt_hoa_phong,LÊ THỊ ĐA,1950,9/3/1969,Hòa Phong,Chiến sĩ,280,5,15,Khu A
Hòa Phong,nt_hoa_phong,NGUYỄN THỊ NHI,,06/01/1966,Hòa Phong,Du kích,281,5,15,Khu A
Hòa Phong,nt_hoa_phong,TRẦN LƯƠNG,,15/8/1968,Hòa Phú,Du kích,282,5,15,Khu A
Hòa Phong,nt_hoa_phong,HUỲNH TRUNG,1948,25/10/1969,Hòa Phong,Tiểu đội phó,283,5,15,Khu A
Hòa Phong,nt_hoa_phong,CHÂU QUANG TRÚC,1937,Tháng 10/1967,Hòa Phong,Ban KT xã,284,5,15,Khu A
Hòa Phong,nt_hoa_phong,HUỲNH THỊ ÉN,1951,12/01/1972,Hòa Phong,CB nhân viên,285,5,15,Khu A
Hòa Phong,nt_hoa_phong,NGUYỄN VĂN THẠNH,1948,06/12/1967,Hòa Phong,Chiến sĩ,286,5,15,Khu A
Hòa Phong,nt_hoa_phong,LÝ PHƯỚC CHÍNH,,1973-10-01 00:00:00,Hòa Phong,Chiến sĩ,287,5,15,Khu A
Hòa Phong,nt_hoa_phong,NGUYỄN THỊ SINH,1949,05/11/1968,Hòa Phong,Chi ủy viên xã,288,5,15,Khu A
Hòa Phong,nt_hoa_phong,NGUYỄN TUẤN,,Tháng 5/1969,Hòa Phú,Du kích,289,5,15,Khu A
Hòa Phong,nt_hoa_phong,LÊ ẨM,1928,1966-08-20 00:00:00,Hòa Phong,Bí thư nông hội,290,5,15,Khu A
Hòa Phong,nt_hoa_phong,LÊ THỊ THỊ,1930,20/05/1969,Hòa Phong,PBT chi bộ xã,291,5,16,Khu A
Hòa Phong,nt_hoa_phong,NGUYỄN ĐỨC CẬP,1940,20/2/1969,Hòa Phong,Y sĩ,292,5,16,Khu A
Hòa Phong,nt_hoa_phong,NGUYỄN HƯỢT,,1965-05-05 00:00:00,Hòa Phong,Trưởng thôn,293,5,16,Khu A
Hòa Phong,nt_hoa_phong,LÊ DOÃN HOÀNG,,15/9/1966,Hòa Phong,a trưởng,294,5,16,Khu A
Hòa Phong,nt_hoa_phong,LÊ DOÃN CHÂU,,tháng 9/1969,Hòa Phong,y tá,295,5,16,Khu A
Hòa Phong,nt_hoa_phong,LÊ THỊ TRƯỚC,1949,14/8/1969,Hòa Phong,Du kích,296,5,16,Khu A
Hòa Phong,nt_hoa_phong,NGUYỄN LỰC(TN),,1968-07-01 00:00:00,Hòa Phú,B phó,297,5,16,Khu A
Hòa Phong,nt_hoa_phong,TRẦN HỮU LỘC,,10/5/1963,Hòa Phong,Cán bộ đội công tác huyện,298,5,16,Khu A
Hòa Phong,nt_hoa_phong,LÊ NGUYÊN,,4/12/1957,Hòa Phong,Trưởng phòng giao liên Hòa Vang,299,5,16,Khu A
Hòa Phong,nt_hoa_phong,THI LÝ NGHIÊM,1942,5/4/1965,Hòa Phong,Du kích,300,5,16,Khu A
Hòa Phong,nt_hoa_phong,THI LÝ TỊNH,1946,25/2/1968,Hòa Phong,Cơ sở,301,5,16,Khu A
Hòa Phong,nt_hoa_phong,ĐẶNG THỊ LIÊN,1950,1/6/1971,Hòa Phong,Tiểu đội phó,302,5,16,Khu A
Hòa Phong,nt_hoa_phong,NGUYỄN THỊ HÂN,,1960-09-09 00:00:00,Hòa Phong,Giao liên xã,303,5,16,Khu A
Hòa Phong,nt_hoa_phong,ĐẶNG CÔNG CHÂU,1950,17/9/1969,Hòa Phong,Chiến sĩ QĐNDVN,304,5,16,Khu A
Hòa Phong,nt_hoa_phong,PHẠM VĂN SÁU,,Tháng 7/1971,Thái Bình,Trung sĩ,305,5,16,Khu A
Hòa Phong,nt_hoa_phong,ĐẶNG QUANG QUYÊN,,1967,Hòa Phú,,306,5,16,Khu A
Hòa Phong,nt_hoa_phong,THI LÝ THỌ,1914,20/5/1958,Hòa Phong,Đội viên du kích,307,5,16,Khu A
Hòa Phong,nt_hoa_phong,HỒ TRINH,,4/5/1965,Hòa Phong,Du kích,308,5,16,Khu A
Hòa Phong,nt_hoa_phong,ĐẶNG CÔNG HUÝNH,1943,Tháng 11/1968,Hòa Phong,Du kích,309,5,16,Khu A
Hòa Phong,nt_hoa_phong,HUỲNH ĐÌNN NGỢI,1953,1969,Hòa Phong,Du kích,310,5,16,Khu A
Hòa Phong,nt_hoa_phong,ĐẶNG CÔNG TƯƠNG,,1/6/1965,Hòa Phong,Trung đội phó,311,5,16,Khu A
Hòa Phong,nt_hoa_phong,ĐẶNG CÔNG TÂN,,16/6/1970,Hòa Phong,CB,312,5,16,Khu A
Hòa Phong,nt_hoa_phong,LÊ ĐÌNH CHIẾN,,17/8/1968,Hòa Phong,Chiến sĩ,313,5,16,Khu A
Hòa Phong,nt_hoa_phong,TRẦN VĂN ĐỒNG,1937,02/03/1969,Hòa Phong,Trợ lý tác chiến,314,5,16,Khu A
Hòa Phong,nt_hoa_phong,CHÂU THỊ TÚC,1932,Tháng 11/1967,Hòa Phong,Y tế xã,315,5,16,Khu A
Hòa Phong,nt_hoa_phong,ĐẶNG CÔNG THẾ,,1974,Hòa Phú,,316,5,16,Khu A
Hòa Phong,nt_hoa_phong,CHÂU THỊ MAI,,25/1/1968,Hòa Phong,CB tỉnh đoàn,317,5,16,Khu A
Hòa Phong,nt_hoa_phong,NGUYỄN VĂN XIN,,1966-06-15 00:00:00,Hòa Phong,A phó,318,5,16,Khu A
Hòa Phong,nt_hoa_phong,TRẦN THANH BA,1925,1968-11-11 00:00:00,Hòa Phong,Chánh VP,319,5,16,Khu A
Hòa Phong,nt_hoa_phong,LÂM QUANG PHẨM,1937,1/8/1968,Hòa Phong,CB kinh tế,320,5,16,Khu A
Hòa Phong,nt_hoa_phong,NGUYỄN THỊ NHUNG,1949,26/4/1969,Hòa Phong,Tiểu đội trưởng,321,5,16,Khu A
Hòa Phong,nt_hoa_phong,LỬ VĂN LẬP,1950,1973-11-08 00:00:00,Hà Nam,Chiến sĩ,322,6,17,Khu A
Hòa Phong,nt_hoa_phong,NGUYỄN THỊ TRUNG,1952,Tháng 2/1968,Hòa Phong,Nhân viên bệnh xá,323,6,17,Khu A
Hòa Phong,nt_hoa_phong,NGUYỄN LỰC,1937,7/2/1968,Hòa Phong,Trung đội phó,324,6,17,Khu A
Hòa Phong,nt_hoa_phong,ĐINH PHỔ,1941,16/7/1969,Hòa Phong,Trưởng ban kinh tài,325,6,17,Khu A
Hòa Phong,nt_hoa_phong,NGUYỄN VĂN LỢI,,28/9/1973,Hòa Phong,CB ty lương thực,326,6,17,Khu A
Hòa Phong,nt_hoa_phong,HUỲNH LƯ(TN),,Tháng 3/1963,Hòa Phong,Tiểu đội phó,327,6,17,Khu A
Hòa Phong,nt_hoa_phong,NGUYỄN LĂNG,1953,9/11/1973,Hòa Phong,Du kích,328,6,17,Khu A
Hòa Phong,nt_hoa_phong,ĐẶNG CÔNG CHIỂU,1930,1966-02-25 00:00:00,Hòa Phong,B phó QĐNDVN,329,6,17,Khu A
Hòa Phong,nt_hoa_phong,ĐẶNG HOÀI THƯƠNG,,23/11/1968,Hòa Phong,Ủy viên BCH tỉnh đoàn,330,6,17,Khu A
Hòa Phong,nt_hoa_phong,CHÂU THỊ DIÊN,,18/6/1962,Hòa Phong,Cơ sở mật,331,6,17,Khu A
Hòa Phong,nt_hoa_phong,CHẾ TRANG(TN),1930,10/08/1969,Hòa Phong,Dân công hỏa tiến,332,6,17,Khu A
Hòa Phong,nt_hoa_phong,CHẾ THỊ SƠN,1946,1969-12-12 00:00:00,Hòa Phong,Y tế xã,333,6,17,Khu A
Hòa Phong,nt_hoa_phong,Trần Hượt (TN),,12/8/1948,Hòa Phong,Trưởng thôn,334,6,17,Khu A
Hòa Phong,nt_hoa_phong,CHẾ VIẾT NHO,1940,01/05/1975,Hòa Phong,Cán bộ binh vận tỉnh,335,6,17,Khu A
Hòa Phong,nt_hoa_phong,LÊ VĂN THUYỀN,,07/11/1949,Hòa Phong,Đội viên dân quân,336,6,17,Khu A
Hòa Phong,nt_hoa_phong,NGUYỄN HOA,,Tháng 4/1965,Ngoài địa phương,Chiến sĩ,337,6,17,Khu A
Hòa Phong,nt_hoa_phong,BÙI PHIẾN,,23/4/1965,Hòa Phong,Tiểu đội phó,338,6,17,Khu A
Hòa Phong,nt_hoa_phong,BÙI SĨ YẾN,,1969-05-14 00:00:00,Hòa Phong,Y sĩ,339,6,17,Khu A
Hòa Phong,nt_hoa_phong,CHẾ HIỀN (TN),1944,1968-12-12 00:00:00,Hòa Phong,Du kích,340,6,17,Khu A
Hòa Phong,nt_hoa_phong,ĐẶNG CA(TN),,24/4/1966,Hòa Phong,Chiến sĩ,341,6,17,Khu A
Hòa Phong,nt_hoa_phong,LÊ HỮU NGÔ,1936,6/1/1966,Hòa Khương,Du kích,342,6,17,Khu A
Hòa Phong,nt_hoa_phong,NGUYỄN HỮU NHÃN(TN),1943,20/12/1967,Hòa Phong,Tiểu đội trưởng,343,6,17,Khu A
Hòa Phong,nt_hoa_phong,NGUYỄN HỮU ĐẢNG(TN),1941,1967-06-20 00:00:00,Hòa Phong,Trung đội trưởng,344,6,17,Khu A
Hòa Phong,nt_hoa_phong,TRẦN VĂN GIÁO,1942,12/07/1969,Hòa Phong,CB ty lương thực,345,6,17,Khu A
Hòa Phong,nt_hoa_phong,BÙI XUÂN VỌT,,18/7/1982,Bắc Thái,Thiếu úy,346,6,17,Khu A
Hòa Phong,nt_hoa_phong,THÁI BÌNH YÊN,1927,1963-10-20 00:00:00,Hòa Phong,Trợ lý dân quân,347,6,17,Khu A
Hòa Phong,nt_hoa_phong,NGUYỄN VĂN MẬU,1954,9/6/1981,Hòa Phong,B trưởng,348,6,17,Khu A
Hòa Phong,nt_hoa_phong,NGUYỄN GIỎI,1944,07/09/1965,Hòa Phong,Tiểu đội phó,349,6,17,Khu A
Hòa Phong,nt_hoa_phong,TRẦN VĂN NĂM,1953,1968-05-21 00:00:00,Hòa Phong,Đội viên du kích,350,6,17,Khu A
Hòa Phong,nt_hoa_phong,NGUYỄN VĂN TRƯỜNG,1947,14/1/1967,Hòa Phong,Tiểu đội trưởng trinh sát R20,351,6,17,Khu A
Hòa Phong,nt_hoa_phong,THÁI BÁ NIÊN,1953,1968-05-08 00:00:00,Hòa Phong,Du kích,352,6,17,Khu A
Hòa Phong,nt_hoa_phong,NGUYỄN HỮU LIỄU(TN),1933,3/9/1966,Hòa Phong,Tiểu đội phó,353,6,18,Khu A
Hòa Phong,nt_hoa_phong,HUỲNH THANH,1944,18/8/1960,Hòa Phong,CB kinh tế,354,6,18,Khu A
Hòa Phong,nt_hoa_phong,NGUYỄN SƠN,1930,22/1/1970,Hòa Phong,Cơ sở CM,355,6,18,Khu A
Hòa Phong,nt_hoa_phong,TÁN BỐN,1956,22/12/1980,Hòa Phú,Thượng sĩ,356,6,18,Khu A
Hòa Phong,nt_hoa_phong,VÕ PHỤNG,1955,6/2/1981,Hòa Phong,A trưởng,357,6,18,Khu A
Hòa Phong,nt_hoa_phong,NGUYỄN CÔNG TỊNH,1960,4/9/1985,Hòa Phong,Hạ sĩ,358,6,18,Khu A
Hòa Phong,nt_hoa_phong,NGUYỄN TÁM,1962,01/02/1983,Hòa Phong,Hạ sĩ,359,6,18,Khu A
Hòa Phong,nt_hoa_phong,LÊ VĂN ĐÔNG,1964,18/1/1985,Hòa Phong,Trung sĩ,360,6,18,Khu A
Hòa Phong,nt_hoa_phong,TRẦN LUYỆN,1959,2/1/1984,Hòa Phong,Hạ sĩ,361,6,18,Khu A
Hòa Phong,nt_hoa_phong,NGUYỄN VIẾT NAM,1964,1984-11-21 00:00:00,Hòa Phong,Binh nhất,362,6,18,Khu A
Hòa Phong,nt_hoa_phong,VÔ DANH,1946,,,,363,6,18,Khu A
Hòa Phong,nt_hoa_phong,ĐẶNG THỊ XÂNG,1929,19/10/1969,Hòa Phong,CB kinh tài huyện,364,6,18,Khu A
Hòa Phong,nt_hoa_phong,TRẦN VĂN AN,1926,Tháng 2/1954,Hòa Phong,Đội viên dân quân,365,6,18,Khu A
Hòa Phong,nt_hoa_phong,HỒNG KIỆN,1929,27/7/1964,Hòa Phong,Tiểu đội trưởng,366,6,18,Khu A
Hòa Phong,nt_hoa_phong,HỒNG TRIỀU,1926,2/7/1947,Hòa Phong,"Ủy viên BCH 
thanh niên",367,6,18,Khu A
Hòa Phong,nt_hoa_phong,TRẦN DI,1936,1967-10-12 00:00:00,Hòa Phong,Du kích,368,6,18,Khu A
Hòa Phong,nt_hoa_phong,TRẦN VĂN DŨNG,1956,1972-12-12 00:00:00,Hòa Phong,B phó,369,6,18,Khu A
Hòa Phong,nt_hoa_phong,LÊ SỰ,1945,05/04/1964,Hòa Phong,Du kích,370,6,18,Khu A
Hòa Phong,nt_hoa_phong,VÕ LỲ,1928,7/2/1969,Hòa Phong,CB huyện,371,6,18,Khu A
Hòa Phong,nt_hoa_phong,LÊ PHÚ HÙNG(TN),1945,22/8/1966,Hòa Phong,"Chiến sĩ trung đoàn 2, MT4, Duy Xuyên, Qnam",372,6,18,Khu A
Hòa Phong,nt_hoa_phong,LÊ PHÚ MÈO(TN),1956,7/6/1965,Hòa Phong,giao liên,373,6,18,Khu A
Hòa Phong,nt_hoa_phong,LÊ CÔNG(TN),1955,15/3/1975,Hòa Phong,"A phó trung đoàn , MT4, Điện NHơn, Điện Bàn",374,6,18,Khu A
Hòa Phong,nt_hoa_phong,LÊ PHÚ SƠN(TN),1943,6/7/1969,Hòa Phong,A trưởng,375,6,18,Khu A
Hòa Phong,nt_hoa_phong,LÊ TÂN(TN),1955,27/7/1972,Hòa Phong,Chiến sĩ,376,6,18,Khu A
Hòa Phong,nt_hoa_phong,NGUYỄN THỊ HỒNG(TN),1930,1972-01-18 00:00:00,Hòa Phong,A phó,377,6,18,Khu A
Hòa Phong,nt_hoa_phong,PHAN VĂN NHẠN(TN),1949,22/8/1968,Hòa Phong,Chiến sĩ,378,6,18,Khu A
Hòa Phong,nt_hoa_phong,CHẾ VIẾT HIỂU(TN),1895,22/7/1967,Hòa Phong,Cơ sở CM,379,6,18,Khu A
Hòa Phong,nt_hoa_phong,TRẦN VĂN NHA(TN),1931,11/07/1968,Hòa Phong,Xã đội phó,380,6,18,Khu A
Hòa Phong,nt_hoa_phong,MÃ THÀNH EM,1923,10/2/1946,Hòa Phong,A trưởng dân quân,381,6,18,Khu A
Hòa Phong,nt_hoa_phong,TRẦN TRỢ(TN),1945,19/8/1968,Hòa Phong,Chiến sĩ,382,6,18,Khu A
Hòa Phong,nt_hoa_phong,TRẦN QUẾ(TN),1945,1967-12-15 00:00:00,Hòa Phong,Chiến sĩ,383,6,18,Khu A
Hòa Phong,nt_hoa_phong,TRẦN QUÁN(TN),1943,12/11/1968,Hòa Phong,B phó,384,6,18,Khu A
Hòa Phong,nt_hoa_phong,TRẦN NHO,1923,25/2/1949,Hòa Phong,A phó,385,6,19,Khu A
Hòa Phong,nt_hoa_phong,NGUYỄN LỲ,1928,10/5/1954,Hòa Phong,Tiểu đội phó,386,6,19,Khu A
Hòa Phong,nt_hoa_phong,NGUYỄN LỢM,1931,15/4/1954,Hòa Phong,Chiến sĩ,387,6,19,Khu A
Hòa Phong,nt_hoa_phong,ĐẶNG VĂN THỌ(TN),1938,1964-05-07 00:00:00,Hòa Phong,Du kích,388,6,19,Khu A
Hòa Phong,nt_hoa_phong,VÕ HÀ(TN),1905,27/7/1949,Hòa Phong,Dân quân,389,6,19,Khu A
Hòa Phong,nt_hoa_phong,VÕ NGẠNH(TN),1944,25/11/1968,Hòa Phong,Tiểu đội trưởng,390,6,19,Khu A
Hòa Phong,nt_hoa_phong,LÊ PHÚ PHƯỚC(TN),1946,06/09/1970,Hòa Phong,A phó,391,6,19,Khu A
Hòa Phong,nt_hoa_phong,TRẦN SỸ(TN),1910,19/1/1969,Hòa Phong,Dân công,392,6,19,Khu A
Hòa Phong,nt_hoa_phong,NGUYỄN ĐỒ(TN),1934,22/4/1954,Hòa Phong,Du kích,393,6,19,Khu A
Hòa Phong,nt_hoa_phong,HỒ VĂN THỌ (TN),1920,1947-05-15 00:00:00,Hòa Phong,Dân quân tự vệ,394,6,19,Khu A
Hòa Phong,nt_hoa_phong,LÂM QUANG HUÝ(TN),1938,27/9/1968,Hòa Phong,Trưởng ban tuyên huấn Hòa Phong,395,6,19,Khu A
Hòa Phong,nt_hoa_phong,PHAN XU(TN),1944,08/07/1968,Hòa Phong,A phó,396,6,19,Khu A
Hòa Phong,nt_hoa_phong,PHAN VĂN NĂM(TN),1938,1967-02-21 00:00:00,Hòa Phong,Trưởng ban y tế,397,6,19,Khu A
Hòa Phong,nt_hoa_phong,LÂM QUANG CHIỂU(TN),1942,12/06/1967,Hòa Phong,Du kích,398,6,19,Khu A
Hòa Phong,nt_hoa_phong,CAO CƯỢNG(TN),1934,15/5/1966,Hòa Phong,Xã đội trưởng,399,6,19,Khu A
Hòa Phong,nt_hoa_phong,NGUYỄN DIÊN,1938,7/7/1965,Hòa Phong,Du kích,400,6,19,Khu A
Hòa Phong,nt_hoa_phong,NGUYỄN HỮU HẠNH(TN),1952,23/6/1972,Hòa Phong,Xã đội trưởng,401,6,19,Khu A
Hòa Phong,nt_hoa_phong,TRẦN VĂN CHÍN(TN),1956,1966-03-28 00:00:00,Hòa Phong,B phó du kích,402,6,19,Khu A
Hòa Phong,nt_hoa_phong,TÂN VĨNH THỐNG,1942,02/05/1967,Hòa Phong,A phó,403,6,19,Khu A
Hòa Phong,nt_hoa_phong,ĐẶNG CẢI,1925,1947-08-08 00:00:00,Thăng Bình,Du kích,404,6,19,Khu A
Hòa Phong,nt_hoa_phong,TÁN ĐƯƠNG(TN),1926,29/8/1952,Hòa Phong,A trưởng,405,6,19,Khu A
Hòa Phong,nt_hoa_phong,VÕ SÔ,1922,5/8/1953,Hòa Phong,A trưởng,406,6,19,Khu A
Hòa Phong,nt_hoa_phong,TRẦN VĂN TRÍ(TN),1955,1978-08-29 00:00:00,Hòa Phong,Chiến sĩ,407,6,19,Khu A
Hòa Phong,nt_hoa_phong,NGUYỄN THÀNH LÂM(TN),1935,1962-02-08 00:00:00,Hòa Phong,Thượng sĩ,408,6,19,Khu A
Hòa Phong,nt_hoa_phong,PHAN CHIÊNG,1917,29/4/1946,Hòa Phong,A trưởng,409,6,19,Khu A
Hòa Phong,nt_hoa_phong,PHAN VĂN TÙNG(TN),1931,20/12/1947,Hòa Phong,Chiến sĩ,410,6,19,Khu A
Hòa Phong,nt_hoa_phong,PHAN CỬU(TN),1930,27/5/1953,Hòa Phong,A trưởng,411,6,19,Khu A
Hòa Phong,nt_hoa_phong,LÂM QUANG VINH,1949,16/4/1967,Hòa Phong,Chiến sĩ,412,6,19,Khu A
Hòa Phong,nt_hoa_phong,NGUYỄN THỊ CỌNG,1941,1966-06-06 00:00:00,Hòa Phong,Phó bí thư xã,413,6,19,Khu A
Hòa Phong,nt_hoa_phong,CHẾ VIẾT BỬU(TN),1940,20/9/1965,Hòa Phong,A trưởng,414,6,19,Khu A
Hòa Phong,nt_hoa_phong,CHẾ VIẾT GIÁM,1937,1968-02-01 00:00:00,Hòa Phong,Bí thư đảng ủy xã,415,6,19,Khu A
Hòa Phong,nt_hoa_phong,NGUYỄN VĂN PHỐ(TN),1942,1967-07-21 00:00:00,Hòa Phong,Tiểu đội trưởng,416,6,19,Khu A
Hòa Phong,nt_hoa_phong,Mộ liệt sĩ chưa xác định được thông tin,,,,,417,7,20,Khu A
Hòa Phong,nt_hoa_phong,Mộ liệt sĩ chưa xác định được thông tin,,,,,418,7,20,Khu A
Hòa Phong,nt_hoa_phong,Mộ liệt sĩ chưa xác định được thông tin,,,,,419,7,20,Khu A
Hòa Phong,nt_hoa_phong,Mộ liệt sĩ chưa xác định được thông tin,,,,,420,7,20,Khu A
Hòa Phong,nt_hoa_phong,Mộ liệt sĩ chưa xác định được thông tin,,,,,421,7,20,Khu A
Hòa Phong,nt_hoa_phong,Mộ liệt sĩ chưa xác định được thông tin,,,,,422,7,20,Khu A
Hòa Phong,nt_hoa_phong,Mộ liệt sĩ chưa xác định được thông tin,,,,,423,7,20,Khu A
Hòa Phong,nt_hoa_phong,Mộ liệt sĩ chưa xác định được thông tin,,,,,424,7,20,Khu A
Hòa Phong,nt_hoa_phong,Mộ liệt sĩ chưa xác định được thông tin,,,,,425,7,20,Khu A
Hòa Phong,nt_hoa_phong,Mộ liệt sĩ chưa xác định được thông tin,,,,,426,7,20,Khu A
Hòa Phong,nt_hoa_phong,Mộ liệt sĩ chưa xác định được thông tin,,,,,427,7,20,Khu A
Hòa Phong,nt_hoa_phong,Mộ liệt sĩ chưa xác định được thông tin,,,,,428,7,20,Khu A
Hòa Phong,nt_hoa_phong,Mộ liệt sĩ chưa xác định được thông tin,,,,,429,7,20,Khu A
Hòa Phong,nt_hoa_phong,Mộ liệt sĩ chưa xác định được thông tin,,,,,430,7,21,Khu A
Hòa Phong,nt_hoa_phong,Mộ liệt sĩ chưa xác định được thông tin,,,,,431,7,21,Khu A
Hòa Phong,nt_hoa_phong,Mộ liệt sĩ chưa xác định được thông tin,,,,,432,7,21,Khu A
Hòa Phong,nt_hoa_phong,Mộ liệt sĩ chưa xác định được thông tin,,,,,433,7,21,Khu A
Hòa Phong,nt_hoa_phong,Mộ liệt sĩ chưa xác định được thông tin,,,,,434,7,21,Khu A
Hòa Phong,nt_hoa_phong,Mộ liệt sĩ chưa xác định được thông tin,,,,,435,7,21,Khu A
Hòa Phong,nt_hoa_phong,Mộ liệt sĩ chưa xác định được thông tin,,,,,436,7,21,Khu A
Hòa Phong,nt_hoa_phong,Mộ liệt sĩ chưa xác định được thông tin,,,,,437,7,21,Khu A
Hòa Phong,nt_hoa_phong,Mộ liệt sĩ chưa xác định được thông tin,,,,,438,7,21,Khu A
Hòa Phong,nt_hoa_phong,Mộ liệt sĩ chưa xác định được thông tin,,,,,439,7,21,Khu A
Hòa Phong,nt_hoa_phong,Mộ liệt sĩ chưa xác định được thông tin,,,,,440,7,21,Khu A
Hòa Phong,nt_hoa_phong,Mộ liệt sĩ chưa xác định được thông tin,,,,,441,7,21,Khu A
Hòa Phong,nt_hoa_phong,QUÁCH THỊ NHUẬN,1910,24/4/1949,Hòa Phong,Đội viên du kích,442,7,21,Khu A
Hòa Phong,nt_hoa_phong,Mộ liệt sĩ chưa xác định được thông tin,,,,,443,7,21,Khu A
Hòa Phong,nt_hoa_phong,VÕ NGUYÊN MÃI,1925,02/09/1954,Hòa Phong,Đoàn viên TN,444,7,21,Khu A
Hòa Phong,nt_hoa_phong,Mộ liệt sĩ chưa xác định được thông tin,,,,,445,7,22,Khu A
Hòa Phong,nt_hoa_phong,Mộ liệt sĩ chưa xác định được thông tin,,,,,446,7,22,Khu A
Hòa Phong,nt_hoa_phong,Mộ liệt sĩ chưa xác định được thông tin,,,,,447,7,22,Khu A
Hòa Phong,nt_hoa_phong,Mộ liệt sĩ chưa xác định được thông tin,,,,,448,7,22,Khu A
Hòa Phong,nt_hoa_phong,Mộ liệt sĩ chưa xác định được thông tin,,,,,449,7,22,Khu A
Hòa Phong,nt_hoa_phong,Mộ liệt sĩ chưa xác định được thông tin,,,,,450,7,22,Khu A
Hòa Phong,nt_hoa_phong,Mộ liệt sĩ chưa xác định được thông tin,,,,,451,7,22,Khu A
Hòa Phong,nt_hoa_phong,Mộ liệt sĩ chưa xác định được thông tin,,,,,452,7,22,Khu A
Hòa Phong,nt_hoa_phong,Mộ liệt sĩ chưa xác định được thông tin,,,,,453,7,22,Khu A
Hòa Phong,nt_hoa_phong,Mộ liệt sĩ chưa xác định được thông tin,,,,,454,7,22,Khu A
Hòa Phong,nt_hoa_phong,Mộ liệt sĩ chưa xác định được thông tin,,,,,455,7,22,Khu A
Hòa Phong,nt_hoa_phong,Mộ liệt sĩ chưa xác định được thông tin,,,,,456,7,22,Khu A
Hòa Phong,nt_hoa_phong,CHẾ THỊ TRẠCH,1905,10/5/1951,Hòa Phong,CB giao liên,457,7,22,Khu A
Hòa Phong,nt_hoa_phong,Mộ liệt sĩ chưa xác định được thông tin,,,,,458,7,22,Khu A
Hòa Phong,nt_hoa_phong,PHẠM QUANG TRUNG,1947,1968,Hà Nội,,459,7,22,Khu A
Hòa Phong,nt_hoa_phong,NGUYỄN PHƯỚC TRÌNH,,Tháng 10/1952,Quảng Ngãi,Đại đội trưởng,1,1,1,Khu B
Hòa Phong,nt_hoa_phong,Mộ liệt sĩ chưa xác định được thông tin,,,,,2,1,1,Khu B
Hòa Phong,nt_hoa_phong,Mộ liệt sĩ chưa xác định được thông tin,,,,,3,1,1,Khu B
Hòa Phong,nt_hoa_phong,Mộ liệt sĩ chưa xác định được thông tin,,,,,4,1,1,Khu B
Hòa Phong,nt_hoa_phong,Mộ liệt sĩ chưa xác định được thông tin,,,,,5,1,1,Khu B
Hòa Phong,nt_hoa_phong,Mộ liệt sĩ chưa xác định được thông tin,,,,,6,1,1,Khu B
Hòa Phong,nt_hoa_phong,Mộ liệt sĩ chưa xác định được thông tin,,,,,7,1,1,Khu B
Hòa Phong,nt_hoa_phong,Mộ liệt sĩ chưa xác định được thông tin,,,,,8,1,1,Khu B
Hòa Phong,nt_hoa_phong,NGUYỄN CHƯỚC,,20/10/1965,Hòa Ninh,A Trưởng,9,1,1,Khu B
Hòa Phong,nt_hoa_phong,Mộ liệt sĩ chưa xác định được thông tin,,,,,10,1,1,Khu B
Hòa Phong,nt_hoa_phong,Mộ liệt sĩ chưa xác định được thông tin,,,,,11,1,1,Khu B
Hòa Phong,nt_hoa_phong,NGUYỄN VĂN QUANG,,28/1/1973,Đại Lộc,Huyện đội phó,12,1,1,Khu B
Hòa Phong,nt_hoa_phong,Mộ liệt sĩ chưa xác định được thông tin,,,,,13,1,1,Khu B
Hòa Phong,nt_hoa_phong,Mộ liệt sĩ chưa xác định được thông tin,,,,,14,1,1,Khu B
Hòa Phong,nt_hoa_phong,NGÔ THÔNG,,17/5/1954,Điện Bàn,Chiến sĩ,15,1,1,Khu B
Hòa Phong,nt_hoa_phong,Mộ liệt sĩ chưa xác định được thông tin,,,,,16,1,1,Khu B
Hòa Phong,nt_hoa_phong,Mộ liệt sĩ chưa xác định được thông tin,,,,,17,1,1,Khu B
Hòa Phong,nt_hoa_phong,Mộ liệt sĩ chưa xác định được thông tin,,,,,18,1,1,Khu B
Hòa Phong,nt_hoa_phong,Mộ liệt sĩ chưa xác định được thông tin,,,,,19,1,2,Khu B
Hòa Phong,nt_hoa_phong,Mộ liệt sĩ chưa xác định được thông tin,,,,,20,1,2,Khu B
Hòa Phong,nt_hoa_phong,Mộ liệt sĩ chưa xác định được thông tin,,,,,21,1,2,Khu B
Hòa Phong,nt_hoa_phong,Mộ liệt sĩ chưa xác định được thông tin,,,,,22,1,2,Khu B
Hòa Phong,nt_hoa_phong,Mộ liệt sĩ chưa xác định được thông tin,,,,,23,1,2,Khu B
Hòa Phong,nt_hoa_phong,Mộ liệt sĩ chưa xác định được thông tin,,,,,24,1,2,Khu B
Hòa Phong,nt_hoa_phong,Mộ liệt sĩ chưa xác định được thông tin,,,,,25,1,2,Khu B
Hòa Phong,nt_hoa_phong,Mộ liệt sĩ chưa xác định được thông tin,,,,,26,1,2,Khu B
Hòa Phong,nt_hoa_phong,Mộ liệt sĩ chưa xác định được thông tin,,,,,27,1,2,Khu B
Hòa Phong,nt_hoa_phong,Mộ liệt sĩ chưa xác định được thông tin,,,,,28,1,2,Khu B
Hòa Phong,nt_hoa_phong,Mộ liệt sĩ chưa xác định được thông tin,,,,,29,1,2,Khu B
Hòa Phong,nt_hoa_phong,Mộ liệt sĩ chưa xác định được thông tin,,,,,30,1,2,Khu B
Hòa Phong,nt_hoa_phong,Mộ liệt sĩ chưa xác định được thông tin,,,,,31,1,2,Khu B
Hòa Phong,nt_hoa_phong,Mộ liệt sĩ chưa xác định được thông tin,,,,,32,1,2,Khu B
Hòa Phong,nt_hoa_phong,Mộ liệt sĩ chưa xác định được thông tin,,,,,33,1,2,Khu B
Hòa Phong,nt_hoa_phong,Mộ liệt sĩ chưa xác định được thông tin,,,,,34,1,2,Khu B
Hòa Phong,nt_hoa_phong,Mộ liệt sĩ chưa xác định được thông tin,,,,,35,1,2,Khu B
Hòa Phong,nt_hoa_phong,Mộ liệt sĩ chưa xác định được thông tin,,,,,36,1,3,Khu B
Hòa Phong,nt_hoa_phong,NGUYỄN THANH SƯƠNG,,,Thanh Lộc Đáng,,37,1,3,Khu B
Hòa Phong,nt_hoa_phong,Mộ liệt sĩ chưa xác định được thông tin,,,,,38,1,3,Khu B
Hòa Phong,nt_hoa_phong,PHẠM XUÂN THUYẾT,,22/2/1969,Nghệ An,Trung sĩ,39,1,3,Khu B
Hòa Phong,nt_hoa_phong,Mộ liệt sĩ chưa xác định được thông tin,,,,,40,1,3,Khu B
Hòa Phong,nt_hoa_phong,TRƯƠNG VĂN YÊN,,27/12/1968,Nghệ An,Trung đội trưởng,41,1,3,Khu B
Hòa Phong,nt_hoa_phong,Mộ liệt sĩ chưa xác định được thông tin,,,,,42,1,3,Khu B
Hòa Phong,nt_hoa_phong,Mộ liệt sĩ chưa xác định được thông tin,,,,,43,1,3,Khu B
Hòa Phong,nt_hoa_phong,Mộ liệt sĩ chưa xác định được thông tin,,,,,44,1,3,Khu B
Hòa Phong,nt_hoa_phong,Mộ liệt sĩ chưa xác định được thông tin,,,,,45,1,3,Khu B
Hòa Phong,nt_hoa_phong,Mộ liệt sĩ chưa xác định được thông tin,,,,,46,1,3,Khu B
Hòa Phong,nt_hoa_phong,Mộ liệt sĩ chưa xác định được thông tin,,,,,47,1,3,Khu B
Hòa Phong,nt_hoa_phong,Mộ liệt sĩ chưa xác định được thông tin,,,,,48,1,3,Khu B
Hòa Phong,nt_hoa_phong,Mộ liệt sĩ chưa xác định được thông tin,,17/11/1965,Hòa Liên,Y sĩ,49,1,3,Khu B
Hòa Phong,nt_hoa_phong,Mộ liệt sĩ chưa xác định được thông tin,,,,,50,1,3,Khu B
Hòa Phong,nt_hoa_phong,PHẠM VĂN ÂM,,23/2/1969,Vĩnh Phúc,Chiến sĩ,51,1,3,Khu B
Hòa Phong,nt_hoa_phong,Mộ liệt sĩ chưa xác định được thông tin,,,,,52,1,3,Khu B
Hòa Phong,nt_hoa_phong,Mộ liệt sĩ chưa xác định được thông tin,,,,,53,1,3,Khu B
Hòa Phong,nt_hoa_phong,Mộ liệt sĩ chưa xác định được thông tin,,,,,54,1,4,Khu B
Hòa Phong,nt_hoa_phong,Mộ liệt sĩ chưa xác định được thông tin,,,,,55,1,4,Khu B
Hòa Phong,nt_hoa_phong,Mộ liệt sĩ chưa xác định được thông tin,,,,,56,1,4,Khu B
Hòa Phong,nt_hoa_phong,Mộ liệt sĩ chưa xác định được thông tin,,,,,57,1,4,Khu B
Hòa Phong,nt_hoa_phong,Mộ liệt sĩ chưa xác định được thông tin,,,,,58,1,4,Khu B
Hòa Phong,nt_hoa_phong,Mộ liệt sĩ chưa xác định được thông tin,,,,,59,1,4,Khu B
Hòa Phong,nt_hoa_phong,Mộ liệt sĩ chưa xác định được thông tin,,,,,60,1,4,Khu B
Hòa Phong,nt_hoa_phong,NGUYỄN VĂN KHƠN,,1968-05-02 00:00:00,Nghệ An,Thương sĩ,61,1,4,Khu B
Hòa Phong,nt_hoa_phong,Mộ liệt sĩ chưa xác định được thông tin,,,,,62,1,4,Khu B
Hòa Phong,nt_hoa_phong,Mộ liệt sĩ chưa xác định được thông tin,,,,,63,1,4,Khu B
Hòa Phong,nt_hoa_phong,HỒ LAI,,1954-06-15 00:00:00,Hòa Phong,Tiểu đội phó,64,1,4,Khu B
Hòa Phong,nt_hoa_phong,Mộ liệt sĩ chưa xác định được thông tin,,,,,65,1,4,Khu B
Hòa Phong,nt_hoa_phong,Mộ liệt sĩ chưa xác định được thông tin,,,,,66,1,4,Khu B
Hòa Phong,nt_hoa_phong,HUỲNH HỒ,,13/8/1969,Hải Hưng,B phó,67,1,4,Khu B
Hòa Phong,nt_hoa_phong,TRẦN VĂN NINH,,Tháng 8/1969,Thanh Hóa,"C phó, C2, HV",68,1,4,Khu B
Hòa Phong,nt_hoa_phong,LÊ ĐÌNH LUYỆN,,13/8/1969,Miền Bắc,CTV,69,1,4,Khu B
Hòa Phong,nt_hoa_phong,HOÀNG VĂN THUỶ,,13/8/1969,Ngoài địa phương,B trưởng,70,1,4,Khu B
Hòa Phong,nt_hoa_phong,Mộ liệt sĩ chưa xác định được thông tin,,,,,71,2,5,Khu B
Hòa Phong,nt_hoa_phong,Mộ liệt sĩ chưa xác định được thông tin,,,,,72,2,5,Khu B
Hòa Phong,nt_hoa_phong,Mộ liệt sĩ chưa xác định được thông tin,,,,,73,2,5,Khu B
Hòa Phong,nt_hoa_phong,Mộ liệt sĩ chưa xác định được thông tin,,,,,74,2,5,Khu B
Hòa Phong,nt_hoa_phong,Mộ liệt sĩ chưa xác định được thông tin,,,,,75,2,5,Khu B
Hòa Phong,nt_hoa_phong,Mộ liệt sĩ chưa xác định được thông tin,,,,,76,2,5,Khu B
Hòa Phong,nt_hoa_phong,Mộ liệt sĩ chưa xác định được thông tin,,,,,77,2,5,Khu B
Hòa Phong,nt_hoa_phong,Mộ liệt sĩ chưa xác định được thông tin,,,,,78,2,5,Khu B
Hòa Phong,nt_hoa_phong,Mộ liệt sĩ chưa xác định được thông tin,,,,,79,2,5,Khu B
Hòa Phong,nt_hoa_phong,Mộ liệt sĩ chưa xác định được thông tin,,,,,80,2,5,Khu B
Hòa Phong,nt_hoa_phong,Mộ liệt sĩ chưa xác định được thông tin,,,,,81,2,5,Khu B
Hòa Phong,nt_hoa_phong,Mộ liệt sĩ chưa xác định được thông tin,,,,,82,2,5,Khu B
Hòa Phong,nt_hoa_phong,Mộ liệt sĩ chưa xác định được thông tin,,,,,83,2,5,Khu B
Hòa Phong,nt_hoa_phong,Mộ liệt sĩ chưa xác định được thông tin,,,,,84,2,5,Khu B
Hòa Phong,nt_hoa_phong,Mộ liệt sĩ chưa xác định được thông tin,,,,,85,2,5,Khu B
Hòa Phong,nt_hoa_phong,Mộ liệt sĩ chưa xác định được thông tin,,,,,86,2,5,Khu B
Hòa Phong,nt_hoa_phong,Mộ liệt sĩ chưa xác định được thông tin,,,,,87,2,5,Khu B
Hòa Phong,nt_hoa_phong,Mộ liệt sĩ chưa xác định được thông tin,,,,,88,2,6,Khu B
Hòa Phong,nt_hoa_phong,Mộ liệt sĩ chưa xác định được thông tin,,,,,89,2,6,Khu B
Hòa Phong,nt_hoa_phong,Mộ liệt sĩ chưa xác định được thông tin,,,,,90,2,6,Khu B
Hòa Phong,nt_hoa_phong,Mộ liệt sĩ chưa xác định được thông tin,,,,,91,2,6,Khu B
Hòa Phong,nt_hoa_phong,Mộ liệt sĩ chưa xác định được thông tin,,,,,92,2,6,Khu B
Hòa Phong,nt_hoa_phong,Mộ liệt sĩ chưa xác định được thông tin,,,,,93,2,6,Khu B
Hòa Phong,nt_hoa_phong,Mộ liệt sĩ chưa xác định được thông tin,,,,,94,2,6,Khu B
Hòa Phong,nt_hoa_phong,Mộ liệt sĩ chưa xác định được thông tin,,,,,95,2,6,Khu B
Hòa Phong,nt_hoa_phong,Mộ liệt sĩ chưa xác định được thông tin,,,,,96,2,6,Khu B
Hòa Phong,nt_hoa_phong,Mộ liệt sĩ chưa xác định được thông tin,,,,,97,2,6,Khu B
Hòa Phong,nt_hoa_phong,Mộ liệt sĩ chưa xác định được thông tin,,,,,98,2,6,Khu B
Hòa Phong,nt_hoa_phong,Mộ liệt sĩ chưa xác định được thông tin,,,,,99,2,6,Khu B
Hòa Phong,nt_hoa_phong,Mộ liệt sĩ chưa xác định được thông tin,,,,,100,2,6,Khu B
Hòa Phong,nt_hoa_phong,Mộ liệt sĩ chưa xác định được thông tin,,,,,101,2,6,Khu B
Hòa Phong,nt_hoa_phong,Mộ liệt sĩ chưa xác định được thông tin,,,,,102,2,6,Khu B
Hòa Phong,nt_hoa_phong,Mộ liệt sĩ chưa xác định được thông tin,,,,,103,2,6,Khu B
Hòa Phong,nt_hoa_phong,Mộ liệt sĩ chưa xác định được thông tin,,,,,104,2,6,Khu B
Hòa Phong,nt_hoa_phong,Mộ liệt sĩ chưa xác định được thông tin,,,,,105,2,6,Khu B
Hòa Phong,nt_hoa_phong,ĐẶNG CÔNG THỨC,,1967-04-12 00:00:00,Nghệ An,,106,2,7,Khu B
Hòa Phong,nt_hoa_phong,Mộ liệt sĩ chưa xác định được thông tin,,,,,107,2,7,Khu B
Hòa Phong,nt_hoa_phong,HÀ VĂN VƯỢNG,,1969-06-09 00:00:00,Thái Bình,B phó,108,2,7,Khu B
Hòa Phong,nt_hoa_phong,Mộ liệt sĩ chưa xác định được thông tin,,,,,109,2,7,Khu B
Hòa Phong,nt_hoa_phong,Mộ liệt sĩ chưa xác định được thông tin,,,,,110,2,7,Khu B
Hòa Phong,nt_hoa_phong,Mộ liệt sĩ chưa xác định được thông tin,,,,,111,2,7,Khu B
Hòa Phong,nt_hoa_phong,Mộ liệt sĩ chưa xác định được thông tin,,,,,112,2,7,Khu B
Hòa Phong,nt_hoa_phong,Mộ liệt sĩ chưa xác định được thông tin,,,,,113,2,7,Khu B
Hòa Phong,nt_hoa_phong,Mộ liệt sĩ chưa xác định được thông tin,,,,,114,2,7,Khu B
Hòa Phong,nt_hoa_phong,Mộ liệt sĩ chưa xác định được thông tin,,,,,115,2,7,Khu B
Hòa Phong,nt_hoa_phong,Mộ liệt sĩ chưa xác định được thông tin,,,,,116,2,7,Khu B
Hòa Phong,nt_hoa_phong,NGUYỄN SANH,,7/3/1951,Hòa Phong,B trưởng du kích,117,2,7,Khu B
Hòa Phong,nt_hoa_phong,Mộ liệt sĩ chưa xác định được thông tin,,,,,118,2,7,Khu B
Hòa Phong,nt_hoa_phong,NGUYỄN TẤN SƠN,,1953-07-21 00:00:00,Quảng Nam,A trưởng,119,2,7,Khu B
Hòa Phong,nt_hoa_phong,HỒ VĂN TÀO,,1968-02-20 00:00:00,Đại Lộc,Đội viên,120,2,7,Khu B
Hòa Phong,nt_hoa_phong,Mộ liệt sĩ chưa xác định được thông tin,,,,,121,2,7,Khu B
Hòa Phong,nt_hoa_phong,Mộ liệt sĩ chưa xác định được thông tin,,,,,122,2,7,Khu B
Hòa Phong,nt_hoa_phong,LÊ ĐÌNH XE (TN),,14/5/1947,Hòa Phong,Cơ sở CM,123,3,8,Khu B
Hòa Phong,nt_hoa_phong,PHAN VĂN VÕ(TN),1950,12/08/1969,Hòa Phong,A phó,124,3,8,Khu B
Hòa Phong,nt_hoa_phong,PHAN VĂN KHANH(TN),,08/12/1969,Hòa Phong,Đại úy,125,3,8,Khu B
Hòa Phong,nt_hoa_phong,TRẦN CHẠY(TN),,20/2/1954,Hòa Phong,Bộ đội chủ lực,126,3,8,Khu B
Hòa Phong,nt_hoa_phong,TRẦN THỊ NẮNG(TN),1955,30/1/1973,Hòa Phong,Xã đội phó,127,3,8,Khu B
Hòa Phong,nt_hoa_phong,ĐẶNG NHUNG(TN),,1966-06-07 00:00:00,Hòa Phong,Xã đội trưởng,128,3,8,Khu B
Hòa Phong,nt_hoa_phong,NGUYỄN NHUNG(TN),1949,1/6/1968,Hòa Phong,Đội viên du kích,129,3,8,Khu B
Hòa Phong,nt_hoa_phong,HUỲNH ĐỨC BÚT(TN),,17/8/1947,Hòa Phong,Trưởng ban tiếp vận,130,3,8,Khu B
Hòa Phong,nt_hoa_phong,HUỲNH TẠO,1946,12/10/1969,Hòa Phong,Đội viên du kích,131,3,8,Khu B
Hòa Phong,nt_hoa_phong,LÂM QUANG KỲ,1943,03/12/1968,Hòa Phong,P. ban binh vận,132,3,8,Khu B
Hòa Phong,nt_hoa_phong,LÊ THỊ THỌ(TN),,09/03/1966,Hòa Phong,CB phụ nữ,133,3,8,Khu B
Hòa Phong,nt_hoa_phong,QUÁCH THỊ HƯỜNG,,1952,Hòa Phong,Du kích,134,3,8,Khu B
Hòa Phong,nt_hoa_phong,LÊ ĐỨC VINH(TN),,12/3/1964,Hòa Phong,Y tá,135,3,8,Khu B
Hòa Phong,nt_hoa_phong,NGUYỄN VĂN THỌ,1939,1/3/1969,Hòa Phong,CB kinh tế,136,3,8,Khu B
Hòa Phong,nt_hoa_phong,PHẠM VĂN NAM(TN),,15/10/1964,Hòa Phong,Tổ trưởng du kích,137,3,8,Khu B
Hòa Phong,nt_hoa_phong,NGUYỄN THỊ CHANH,1927,05/07/1969,Hòa Phong,Cơ sở,138,3,8,Khu B
Hòa Phong,nt_hoa_phong,Mộ liệt sĩ chưa xác định được thông tin,,,,,139,3,8,Khu B
Hòa Phong,nt_hoa_phong,VÕ MINH LƯƠNG,,1970-07-07 00:00:00,Hòa Phong,Đại đội phó,140,3,9,Khu B
Hòa Phong,nt_hoa_phong,QUÁCH QUYỆT,1942,10/08/1966,Hòa Phong,Trưởng ban binh vận,141,3,9,Khu B
Hòa Phong,nt_hoa_phong,QUÁCH VĂN THỊ(TN),,28/11/1967,Hòa Phong,Trung đội trưởng,142,3,9,Khu B
Hòa Phong,nt_hoa_phong,NGUYỄN NHÀN(TN),,26/8/1951,Hòa Phong,Chiến sĩ giao liên,143,3,9,Khu B
Hòa Phong,nt_hoa_phong,LÊ ĐÌNH TÂM(TN),,1964-01-01 00:00:00,Hòa Phong,Đội viên du kích,144,3,9,Khu B
Hòa Phong,nt_hoa_phong,TRẦN VĂN THÉP(TN),,29/3/1954,Hòa Phong,Tiểu đội trưởng,145,3,9,Khu B
Hòa Phong,nt_hoa_phong,TRẦN VĂN ĐỂ(TN),,Tháng 10/1949,Hòa Phong,Dân quân,146,3,9,Khu B
Hòa Phong,nt_hoa_phong,Mộ liệt sĩ chưa xác định được thông tin,,,,,147,3,9,Khu B
Hòa Phong,nt_hoa_phong,VŨ DUY HIỂN,,28/7/1969,Hải Phòng,Quan Nhu,148,3,9,Khu B
Hòa Phong,nt_hoa_phong,Mộ liệt sĩ chưa xác định được thông tin,,,,,149,3,9,Khu B
Hòa Phong,nt_hoa_phong,NGUYỄN HỒNG KHÁNH,,25/11/1969,Nghệ An,"Thượng sĩ, B phó",150,3,9,Khu B
Hòa Phong,nt_hoa_phong,NGUYỄN VĂN ĐÌNH,,25/8/1978,Hòa Phong,Chiến sĩ,151,3,9,Khu B
Hòa Phong,nt_hoa_phong,Mộ liệt sĩ chưa xác định được thông tin,,,,,152,3,9,Khu B
Hòa Phong,nt_hoa_phong,Mộ liệt sĩ chưa xác định được thông tin,,,,,153,3,9,Khu B
Hòa Phong,nt_hoa_phong,Mộ liệt sĩ chưa xác định được thông tin,,,,,154,3,9,Khu B
Hòa Phong,nt_hoa_phong,Mộ liệt sĩ chưa xác định được thông tin,,,,,155,3,9,Khu B
Hòa Phong,nt_hoa_phong,BÙI HIỂN,,1957-06-06 00:00:00,Hòa Phong,Du kích,156,3,9,Khu B
Hòa Phong,nt_hoa_phong,Mộ liệt sĩ chưa xác định được thông tin,,,,,157,3,9,Khu B
Hòa Phong,nt_hoa_phong,Mộ liệt sĩ chưa xác định được thông tin,,,,,158,3,10,Khu B
Hòa Phong,nt_hoa_phong,Mộ liệt sĩ chưa xác định được thông tin,,,,,159,3,10,Khu B
Hòa Phong,nt_hoa_phong,Mộ liệt sĩ chưa xác định được thông tin,,,,,160,3,10,Khu B
Hòa Phong,nt_hoa_phong,Mộ liệt sĩ chưa xác định được thông tin,,,,,161,3,10,Khu B
Hòa Phong,nt_hoa_phong,Mộ liệt sĩ chưa xác định được thông tin,,,,,162,3,10,Khu B
Hòa Phong,nt_hoa_phong,Mộ liệt sĩ chưa xác định được thông tin,,,,,163,3,10,Khu B
Hòa Phong,nt_hoa_phong,Mộ liệt sĩ chưa xác định được thông tin,,,,,164,3,10,Khu B
Hòa Phong,nt_hoa_phong,Mộ liệt sĩ chưa xác định được thông tin,,,,,165,3,10,Khu B
Hòa Phong,nt_hoa_phong,Mộ liệt sĩ chưa xác định được thông tin,,,,,166,3,10,Khu B
Hòa Phong,nt_hoa_phong,Mộ liệt sĩ chưa xác định được thông tin,,,,,167,3,10,Khu B
Hòa Phong,nt_hoa_phong,Mộ liệt sĩ chưa xác định được thông tin,,,,,168,3,10,Khu B
Hòa Phong,nt_hoa_phong,NGUYỄN VĂN AN,,07/06/1966,Hòa Phong,Du kích,169,3,10,Khu B
Hòa Phong,nt_hoa_phong,NGUYỄN NHÀN,,18/12/1965,Hòa Phong,Du kích,170,3,10,Khu B
Hòa Phong,nt_hoa_phong,HUỲNH ĐỨC MINH(TN),,23/3/1966,Hòa Phong,Du kích,171,3,10,Khu B
Hòa Phong,nt_hoa_phong,THÁI BÁ GIÁC(TN),1941,20/10/1968,Hòa Phong,Y tá trưởng,172,3,10,Khu B
Hòa Phong,nt_hoa_phong,LÊ KÝ(TN),1954,29/7/1974,Hòa Phong,Thượng sĩ,173,3,10,Khu B
Hòa Phong,nt_hoa_phong,ĐẶNG CÔNG BẢN,,19/6/1947,Hòa Phong,An ninh thôn,174,3,10,Khu B
Hòa Phong,nt_hoa_phong,ĐẶNG CÔNG HIẾU,1910,14/11/1948,Hòa Phong,Tài chính xã,175,4,11,Khu B
Hòa Phong,nt_hoa_phong,NGUYỄN MINH,,1969,Hòa Phong,Trung đội trưởng,176,4,11,Khu B
Hòa Phong,nt_hoa_phong,Đ/c  CHẤT,,,Miền Bắc,Trung đội trưởng,177,4,11,Khu B
Hòa Phong,nt_hoa_phong,THI LÝ PHẨM,,1948-12-11 00:00:00,Hòa Phong,Giao liên,178,4,11,Khu B
Hòa Phong,nt_hoa_phong,TÁN NGỘ,,8/6/1948,Hòa Phong,Trưởng thôn,179,4,11,Khu B
Hòa Phong,nt_hoa_phong,NGUYỄN TƯỜNG KIÊN,,1949-07-07 00:00:00,Hòa Phong,Du kích,180,4,11,Khu B
Hòa Phong,nt_hoa_phong,HỨA BÁN,,16/3/1952,Hòa Phong,A trưởng,181,4,11,Khu B
Hòa Phong,nt_hoa_phong,BÙI XÍCH,,Tháng 11/1946,Hà Nam Ninh,,182,4,11,Khu B
Hòa Phong,nt_hoa_phong,TÁN THÀNH HUÂN,,1953-11-15 00:00:00,Hòa Phong,Cán bộ tuyên huấn,183,4,11,Khu B
Hòa Phong,nt_hoa_phong,NGÔ THỊ TIẾT,,1946,Hà Nam Ninh,,184,4,11,Khu B
Hòa Phong,nt_hoa_phong,HUỲNH SANH,,1952-01-22 00:00:00,Hòa Phong,Giao liên,185,4,11,Khu B
Hòa Phong,nt_hoa_phong,HUỲNH SÓT,,14/4/1949,Hòa Phong,Xã đội phó,186,4,11,Khu B
Hòa Phong,nt_hoa_phong,PHẠM ĐÌNH ĐIỀM,,10/02/1948,Hòa Phong,Cán bộ an ninh xã,187,4,11,Khu B
Hòa Phong,nt_hoa_phong,PHẠM ĐÌNH NGHIÊM,,20/4/1949,Hòa Phong,Du kích,188,4,11,Khu B
Hòa Phong,nt_hoa_phong,LÊ VĂN CÓ(TN),,18/1/1953,Hòa Phong,Trung đội trưởng,189,4,11,Khu B
Hòa Phong,nt_hoa_phong,NGUYỄN CHẤT,,Tháng 1/1946,Ngoài địa phương,,190,4,11,Khu B
Hòa Phong,nt_hoa_phong,NGUYỄN MÃI,1925,17/1/1950,Hòa Phong,Du kích,191,4,11,Khu B
Hòa Phong,nt_hoa_phong,NGUYỄN MIÊN(TN),,1965-04-02 00:00:00,Hòa Phong,Xã đội trưởng,192,4,12,Khu B
Hòa Phong,nt_hoa_phong,LÊ ĐÃI,,1953-08-31 00:00:00,Hòa Phong,Dân quân tự vệ,193,4,12,Khu B
Hòa Phong,nt_hoa_phong,NGUYỄN ĐÌNH PHỨC,1924,27/7/1948,Hòa Phong,Cán bộ tiền phương,194,4,12,Khu B
Hòa Phong,nt_hoa_phong,NGUYỄN VĂN PHÒ,,27/8/1947,Hòa Phong,Trung đội trưởng,195,4,12,Khu B
Hòa Phong,nt_hoa_phong,THÁI CHƠI(TN),,27/4/1953,Hòa Phong,Tiểu đội trưởng,196,4,12,Khu B
Hòa Phong,nt_hoa_phong,NGUYỄN HỮU QUỲ(TN),1923,1954-07-19 00:00:00,Hòa Phong,Tiểu đội phó,197,4,12,Khu B
Hòa Phong,nt_hoa_phong,NGUYỄN THỊ Á(TN),,03/04/1954,Hòa Phong,Tiểu đội trưởng du kích,198,4,12,Khu B
Hòa Phong,nt_hoa_phong,NGUYỄN NGỌT(TN),,13/3/1948,Hòa Phong,Dân quân,199,4,12,Khu B
Hòa Phong,nt_hoa_phong,NGUYỄN VINH(TN),1935,2/6/1968,Hòa Phong,CB kinh tài,200,4,12,Khu B
Hòa Phong,nt_hoa_phong,TÁN HOÀNG,,29/2/1954,Hòa Phong,B trưởng du kích,201,4,12,Khu B
Hòa Phong,nt_hoa_phong,HỒ THANH TUẤT(TN),,25/11/1948,Hòa Phong,Tiểu đội phó,202,4,12,Khu B
Hòa Phong,nt_hoa_phong,PHAN CẢNH,1939,30/2/1967,Hòa Phong,Xã đội trưởng,203,4,12,Khu B
Hòa Phong,nt_hoa_phong,LÊ DOÃN HUNG(TN),,14/3/1968,Hòa Phong,Đại đội trưởng,204,4,12,Khu B
Hòa Phong,nt_hoa_phong,LÂM QUANG TIẾP(TN),,15/3/1970,Hòa Phong,", Thiếu úy,Trợ lý tác chiến",205,4,12,Khu B
Hòa Phong,nt_hoa_phong,NGUYỄN VĂN LÃNH(TN),1955,17/9/1973,Hòa Phong,Công an xã,206,4,12,Khu B
Hòa Phong,nt_hoa_phong,TRẦN VĂN ĐỂ,,28/5/1965,Hòa Phong,Chiến sĩ,207,4,12,Khu B
Hòa Phong,nt_hoa_phong,NGUYỄN THỊ MẬT,1936,27/3/1967,Hòa Phong,Cơ sở CM,208,4,12,Khu B
Hòa Phong,nt_hoa_phong,TRẦN PHÁN,,9/1959,Hòa Phong,Cán bộ xã,209,4,12,Khu B
Hòa Phong,nt_hoa_phong,ĐẶNG THỊ ĐÁNG(TN),,17/11/1969,Hòa Phong,"Dược tá,",210,4,13,Khu B
Hòa Phong,nt_hoa_phong,ĐẶNG CÔNG MÃI(TN),1938,26/9/1971,Hòa Phong,Trung đội phó,211,4,13,Khu B
Hòa Phong,nt_hoa_phong,ĐẶNG CỰ,,29/12/1947,Hòa Phong,Tiểu đội phó,212,4,13,Khu B
Hòa Phong,nt_hoa_phong,NGUYỄN CHO,,27/2/1950,Hòa Phong,B trưởng du kích,213,4,13,Khu B
Hòa Phong,nt_hoa_phong,TRẦN NAM(TN),,15/2/1954,Hòa Phong,A Trưởng,214,4,13,Khu B
Hòa Phong,nt_hoa_phong,HUỲNH ĐÌNH ÚT,,1947,Hòa Phong,Dân quân,215,4,13,Khu B
Hòa Phong,nt_hoa_phong,BÙI NGẠCH,,1950-05-08 00:00:00,Hòa Phong,Dân quân,216,4,13,Khu B
Hòa Phong,nt_hoa_phong,TRẦN VĂN HIẾN,,23/1/1952,Hòa Phong,Du kích,217,4,13,Khu B
Hòa Phong,nt_hoa_phong,NGUYỄN ĐỨC EM,1948,1969-01-02 00:00:00,Hòa Phong,Xã đội trưởng,218,4,13,Khu B
Hòa Phong,nt_hoa_phong,TRẦN ĐIỂM,1947,19/2/1968,Hòa Phong,Chiến sĩ,219,4,13,Khu B
Hòa Phong,nt_hoa_phong,NGÔ THỊ TÁM,1949,15/9/1969,Hòa Phong,Chiến sĩ,220,4,13,Khu B
Hòa Phong,nt_hoa_phong,NGUYỄN VĂN NGÔ,,4/5/1947,Hòa Phong,Dân quân,221,4,13,Khu B
Hòa Phong,nt_hoa_phong,LÊ ĐÌNH TA(TN),,20/9/1965,Hòa Phong,Chiến sĩ,222,4,13,Khu B
Hòa Phong,nt_hoa_phong,CHẾ VIẾT PHỔ(TN),,27/3/1969,Hòa Phong,A Trưởng,223,4,13,Khu B
Hòa Phong,nt_hoa_phong,TRƯƠNG VĂN NHƠN,,21/4/1951,Hòa Phong,Dân quân,224,4,13,Khu B
Hòa Phong,nt_hoa_phong,PHẠM THỊ BÀNG(TN),1947,1968-02-25 00:00:00,Hòa Phong,Du kích,225,4,13,Khu B
Hòa Phong,nt_hoa_phong,LÊ LAI,1906,21/4/1968,Hòa Phong,Du kích,226,4,13,Khu B
Hòa Phong,nt_hoa_phong,LÊ VĂN THÀNH,,11/9/1967,Hòa Phong,Trung đội phó,227,5,14,Khu B
Hòa Phong,nt_hoa_phong,ĐẶNG PHƯỚC HỌC,,14/12/1950,Hòa Phong,Giao liên,228,5,14,Khu B
Hòa Phong,nt_hoa_phong,NGUYỄN VĂN BỐN,,1972-05-21 00:00:00,Nghệ An,Hạ sĩ,229,5,14,Khu B
Hòa Phong,nt_hoa_phong,TRẦN SÀNH,,10/01/1955,Hòa Phong,Đại đội phó,230,5,14,Khu B
Hòa Phong,nt_hoa_phong,LÊ THỊ CHỈNH,,19/10/1951,Hòa Phong,Ủy viên BCH phụ nữ,231,5,14,Khu B
Hòa Phong,nt_hoa_phong,NGUYỄN ĐÌNH CHÁNH,,1951,Hòa Phong,Đại đội trưởng,232,5,14,Khu B
Hòa Phong,nt_hoa_phong,ĐẶNG SƯƠNG,,12/06/1954,Hòa Phong,Dân công,233,5,14,Khu B
Hòa Phong,nt_hoa_phong,LÊ ĐÌNH LÃNG,,1948-12-12 00:00:00,Hòa Phong,Thôn trưởng,234,5,14,Khu B
Hòa Phong,nt_hoa_phong,NGUYỄN VỌNG,1952,1950-01-25 00:00:00,Hòa Phong,Trưởng ban tài chính,235,5,14,Khu B
Hòa Phong,nt_hoa_phong,ĐẶNG CÔNG CHÍNH,,28/7/1948,Hòa Phong,A trưởng du kích,236,5,14,Khu B
Hòa Phong,nt_hoa_phong,NGUYỄN KÝ,,27/12/1947,Hòa Phong,Chiến sĩ,237,5,14,Khu B
Hòa Phong,nt_hoa_phong,LÊ PHÙNG,,29/9/1966,Hòa Phong,Trưởng ban sản xuất,238,5,14,Khu B
Hòa Phong,nt_hoa_phong,LÊ TRINH,,27/7/1947,Hòa Phong,A trưởng,239,5,14,Khu B
Hòa Phong,nt_hoa_phong,PHẠM XIÊM,,18/4/2003,Hòa Phong,Tiểu đội trưởng,240,5,14,Khu B
Hòa Phong,nt_hoa_phong,NGUYỄN DƯỠNG,,29/3/1947,Hòa Phong,A phó,241,5,14,Khu B
Hòa Phong,nt_hoa_phong,NGUYỄN LẠI,,27/7/1969,Hòa Phong,Y sĩ  quân y,242,5,14,Khu B
Hòa Phong,nt_hoa_phong,NGUYỄN THƯA(TN),,27/7/1964,Hòa Phong,A phó,243,5,14,Khu B
Hòa Phong,nt_hoa_phong,QUÁCH DỤC,1940,06/07/1967,Hòa Phong,Xã đội trưởng,244,5,14,Khu B
Hòa Phong,nt_hoa_phong,ĐẶNG CÔNG THÂN,,27/12/1968,Hòa Phong,Chính trị viên đại đội,245,5,14,Khu B
Hòa Phong,nt_hoa_phong,NGUYỄN VĂN SỸ,,07/01/1969,Hòa Phong,Thương úy,246,5,14,Khu B
Hòa Phong,nt_hoa_phong,TRẦN ĐÔI(TN). 1942,,29/2/1971,Hòa Phong,"A phó Thượng úy
Tiểu đoàn phó (D phó không phải A phó)",247,5,14,Khu B
Hòa Phong,nt_hoa_phong,LÊ VĂN TÍCH,,Tháng 12/1974,Hòa Phong,Cán bộ công an,248,5,14,Khu B
Hòa Phong,nt_hoa_phong,ĐOÀN CƯ(TN),,3/12/1969,Hòa Phong,CB ty ban lương thực,249,5,14,Khu B
Hòa Phong,nt_hoa_phong,ĐẶNG CÔNG SƠN,,7/12/1969,Hòa Phong,Bí thư xã,250,5,14,Khu B
Hòa Phong,nt_hoa_phong,LÂM QUANG TIẾU,,29/9/1948,Hòa Phong,Chủ tịch xã,251,5,14,Khu B
Hòa Phong,nt_hoa_phong,CHÂU QUANG TUYẾN,,30/10/1973,Hòa Phong,Chủ tịch,252,5,14,Khu B
Hòa Phong,nt_hoa_phong,TRẦN VĂN HÓA,1937,2/10/1968,Hòa Phong,Huyện ủy viên,253,5,14,Khu B
Hòa Phong,nt_hoa_phong,NGUYỄN VĂN KHÃI(TN),1935,24/9/1969,Hòa Phong,"Bí thư đảng ủy xã, Huyện ủy viên,",254,5,14,Khu B
Hòa Phong,nt_hoa_phong,TRẦN QUỐC THƯƠNG,1948,21/1/1972,Hòa Phong,Bí thư đảng ủy xã,255,5,14,Khu B
Hòa Phong,nt_hoa_phong,TÁN TÁM,1934,4/10/1969,Hòa Phong,Huyện ủy viên,256,5,14,Khu B
Hòa Phong,nt_hoa_phong,LÊ DU,,1954,Hòa Phú,PBT huyện ủy,257,5,14,Khu B
Hòa Phong,nt_hoa_phong,NGUYỄN ÁI,,23/2/1969,Hòa Châu,CTV phó,258,5,15,Khu B
Hòa Phong,nt_hoa_phong,LÂM QUANG TIẾN,1944,24/10/1967,Hòa Phong,Tiểu đội trưởng,259,5,15,Khu B
Hòa Phong,nt_hoa_phong,NGUYỄN THỊ A(TN),,20/4/1969,Đại Lộc,Hội trưởng phụ nữ,260,5,15,Khu B
Hòa Phong,nt_hoa_phong,HỒ VĂN A(Tn),,2/1968,Đại Lộc,Tuyên huấn,261,5,15,Khu B
Hòa Phong,nt_hoa_phong,CHÂU QUANG KIỀU,,Tháng 10/1953,Hòa Phong,Trung đội trưởng,262,5,15,Khu B
Hòa Phong,nt_hoa_phong,PHẠM TUẤN,1943,29/7/1969,Hòa Phong,"Bí thư xã, huyện ủy viên,",263,5,15,Khu B
Hòa Phong,nt_hoa_phong,CHÂU QUANG NGÂN,,Tháng 7/1948,Hòa Phong,Huyện ủy viên,264,5,15,Khu B
Hòa Phong,nt_hoa_phong,LÂM HỮU GIA,1942,3/12/1969,Hòa Phong,Tiểu đội phó,265,5,15,Khu B
Hòa Phong,nt_hoa_phong,LÂM QUANG CHÂU,,10/8/1971,Hòa Phong,Cán bộ,266,5,15,Khu B
Hòa Phong,nt_hoa_phong,LÂM QUANG QUYỂN,,27/7/1947,Hòa Phong,Tiểu đội phó,267,5,15,Khu B
Hòa Phong,nt_hoa_phong,CHẾ SAU,1951,2/5/1969,Hòa Phong,Xã đội phó,268,5,15,Khu B
Hòa Phong,nt_hoa_phong,CHẾ KHÓI,,12/6/1962,Hòa Phong,Chiến sĩ,269,5,15,Khu B
Hòa Phong,nt_hoa_phong,LÊ ANH,,12/02/1965,Hòa Phong,Chiến sĩ,270,5,15,Khu B
Hòa Phong,nt_hoa_phong,LÊ EM,1946,1968-07-16 00:00:00,Hòa Phong,Tiểu đội trưởng du kích,271,5,15,Khu B
Hòa Phong,nt_hoa_phong,ĐINH HỮU,1942,25/9/1969,Hòa Phong,An ninh xã,272,5,15,Khu B
Hòa Phong,nt_hoa_phong,NGUYỄN THỊ HuỀ,,1968,Hòa Phong,N. viên ty lương thực,273,5,15,Khu B
Hòa Phong,nt_hoa_phong,TRẦN HỒ,,25/5/1947,Hòa Phong,Du kích,274,5,15,Khu B
Hòa Phong,nt_hoa_phong,ĐOÀN VĂN DIỀU,,13/5/1947,Hải Phòng,Đội viên,275,5,15,Khu B
Hòa Phong,nt_hoa_phong,TRẦN TRUNG,,10/1953,Hòa Phong,CB xã,276,5,15,Khu B
Hòa Phong,nt_hoa_phong,VÕ MINH,,27/7/1946,Hòa Phong,Chiến sĩ,277,5,15,Khu B
Hòa Phong,nt_hoa_phong,NGUYỄN VĂN CẦM(TN),,26/7/1965,Hòa Phong,A trưởng,278,5,15,Khu B
Hòa Phong,nt_hoa_phong,MẠC PHÒNG(TN),1932,16/12/1969,Hòa Phong,B phó,279,5,15,Khu B
Hòa Phong,nt_hoa_phong,LÊ ĐÌNH THANH(TN),,29/1/1947,Hòa Phong,B trưởng,280,5,15,Khu B
Hòa Phong,nt_hoa_phong,PHẠM NHỆN(TN),,6/5/1966,Hòa Phong,Đội viên du kích,281,5,15,Khu B
Hòa Phong,nt_hoa_phong,PHẠM TRỪNG,,1986-03-22 00:00:00,Hòa Phong,A trưởng,282,5,15,Khu B
Hòa Phong,nt_hoa_phong,TRẦN DIỆM(TN),,14/4/1972,Hòa Phong,B trưởng,283,5,15,Khu B
Hòa Phong,nt_hoa_phong,NGÔ DU,,07/08/1950,Hòa Phong,Thôn đội trưởng,284,5,15,Khu B
Hòa Phong,nt_hoa_phong,ĐỖ TÁ,,20/6/1967,Hòa Phong,A phó,285,5,15,Khu B
Hòa Phong,nt_hoa_phong,NGUYỄN VĂN THẮNG,1951,1969-09-15 00:00:00,Hòa Phong,Chiến sĩ,286,5,15,Khu B
Hòa Phong,nt_hoa_phong,DƯƠNG TÝ,,29/3/1948,Hòa Phong,Tiểu đội phó,287,5,15,Khu B
Hòa Phong,nt_hoa_phong,CHÂU QUANG MỘNG,1935,1968-11-12 00:00:00,Hòa Phong,Tiểu đội trưởng,288,5,15,Khu B
Hòa Phong,nt_hoa_phong,PHẠM LUYẾN,1948,10/06/1968,Hòa Phong,Chiến sĩ,289,5,15,Khu B
Hòa Phong,nt_hoa_phong,TRẦN ĐỨC TRUNG(TN),,27/7/1948,Hòa Phong,Tiểu đội trưởng,290,5,15,Khu B
Hòa Phong,nt_hoa_phong,TRẦN THỊ ĐỂ(TN),,Tháng 10/1948,Hòa Phong,Cán bộ Ph nữ,291,5,16,Khu B
Hòa Phong,nt_hoa_phong,HUỲNH ĐA,1942,27/7/1967,Hòa Phong,Du kích,292,5,16,Khu B
Hòa Phong,nt_hoa_phong,NGÔ NGỌC NHO,,1969-02-08 00:00:00,Hà Nội,C phó,293,5,16,Khu B
Hòa Phong,nt_hoa_phong,HỒNG LUYỆN,,Tháng 1/1969,Hòa Phong,CB lương thực tỉnh,294,5,16,Khu B
Hòa Phong,nt_hoa_phong,TRẦN THỊ,,27/7/1947,Hòa Phong,Tiểu đội phó,295,5,16,Khu B
Hòa Phong,nt_hoa_phong,NGUYỄN VĂN KIỂU,,25/12/1967,Hòa Phong,Cán bộ lương thực tỉnh,296,5,16,Khu B
Hòa Phong,nt_hoa_phong,NGUYỄN THỊ NGỌT,,15/3/1965,Hòa Phong,Cơ sở CM,297,5,16,Khu B
Hòa Phong,nt_hoa_phong,NGUYỄN VĂN PHẤN,1932,1968-12-12 00:00:00,Hòa Phong,Trưởng ban kinh tế,298,5,16,Khu B
Hòa Phong,nt_hoa_phong,NGUYỄN THỊ ẨN,1942,05/07/1972,Hòa Phong,Hội trưởng PN huyện,299,5,16,Khu B
Hòa Phong,nt_hoa_phong,NGUYỄN VĂN KHẢ,,1965-11-11 00:00:00,Hòa Phong,Xã đội phó,300,5,16,Khu B
Hòa Phong,nt_hoa_phong,NGUYỄN VĂN NHA,1946,1968-12-12 00:00:00,Hòa Phong,Xã đội phó,301,5,16,Khu B
Hòa Phong,nt_hoa_phong,NGUYỄN VĂN TRỌNG,1942,22/1/1969,Hòa Phong,Bí thư đảng ủy xã,302,5,16,Khu B
Hòa Phong,nt_hoa_phong,NGUYỄN THỊ MINH,1955,19/3/1975,Hòa Phong,Du kích,303,5,16,Khu B
Hòa Phong,nt_hoa_phong,LÊ PHÚ QUÝ(TN),,31/01/1968,Hòa Phong,A phó,304,5,16,Khu B
Hòa Phong,nt_hoa_phong,PHÙNG CHÂU,1954,4/8/1972,Hòa Phong,Du kích,305,5,16,Khu B
Hòa Phong,nt_hoa_phong,VÕ LẠC,,1947-12-14 00:00:00,Quảng Ngãi,,306,5,16,Khu B
Hòa Phong,nt_hoa_phong,NGUYỄN TƯỜNG DINH,1937,08/10/1971,Hòa Phong,Nhân viên quản lý bệnh xá,307,5,16,Khu B
Hòa Phong,nt_hoa_phong,Mộ liệt sĩ chưa xác định được thông tin,,,,,308,5,16,Khu B
Hòa Phong,nt_hoa_phong,Mộ liệt sĩ chưa xác định được thông tin,,,,,309,5,16,Khu B
Hòa Phong,nt_hoa_phong,Mộ liệt sĩ chưa xác định được thông tin,,,,,310,5,16,Khu B
Hòa Phong,nt_hoa_phong,Mộ liệt sĩ chưa xác định được thông tin,,,,,311,5,16,Khu B
Hòa Phong,nt_hoa_phong,ĐẶNG TRỊNH,,21/4/1966,Hòa Phong,Chiến sĩ,312,5,16,Khu B
Hòa Phong,nt_hoa_phong,PHẠM VĂN NHU,,3/6/1967,Hòa Phong,Phó ty công an Hà Tây,313,5,16,Khu B
Hòa Phong,nt_hoa_phong,PHẠM ĐÌNH TẤN,,1969,Hòa Phong,CB sản xuất thành,314,5,16,Khu B
Hòa Phong,nt_hoa_phong,NGUYỄN HỮU NAM,,10/09/1969,Hải Phòng,,315,5,16,Khu B
Hòa Phong,nt_hoa_phong,TRẦN TÂY,,23/3/1964,Hòa Phong,Du kích,316,5,16,Khu B
Hòa Phong,nt_hoa_phong,NGUYỄN BÁ HIỂU,,10/09/1969,Ngoài địa phương,,317,5,16,Khu B
Hòa Phong,nt_hoa_phong,NGUYỄN ĐÌNH THẬP,,1969-10-09 00:00:00,Hải Dương,,318,5,16,Khu B
Hòa Phong,nt_hoa_phong,TRẦN DU,,25/10/1963,Hòa Phong,A trưởng,319,5,16,Khu B
Hòa Phong,nt_hoa_phong,LÊ DOÃN HÙNG,,14/3/1968,Hòa Phong,Đại đội trưởng,320,5,16,Khu B
Hòa Phong,nt_hoa_phong,LÂM QUANG PHƯỚC,1942,18/2/1969,Hòa Phong,Xã đội trưởng,321,5,16,Khu B
Hòa Phong,nt_hoa_phong,VÕ THƯỚC,,7/5/1965,Hòa Phong,A trưởng du kích,322,6,17,Khu B
Hòa Phong,nt_hoa_phong,HUỲNH ĐỨC HÙNG,,18/12/1965,Hòa Phong,Du kích,323,6,17,Khu B
Hòa Phong,nt_hoa_phong,LÂM QUANG NGHIỆP,1952,26/12/1973,Hòa Phong,B phó,324,6,17,Khu B
Hòa Phong,nt_hoa_phong,TRẦN BÌNH,,6/12/1967,Hòa Phong,A phó,325,6,17,Khu B
Hòa Phong,nt_hoa_phong,Mộ liệt sĩ chưa xác định được thông tin,,,,,326,6,17,Khu B
Hòa Phong,nt_hoa_phong,Mộ liệt sĩ chưa xác định được thông tin,,,,,327,6,17,Khu B
Hòa Phong,nt_hoa_phong,Mộ liệt sĩ chưa xác định được thông tin,,,,,328,6,17,Khu B
Hòa Phong,nt_hoa_phong,Mộ liệt sĩ chưa xác định được thông tin,,,,,329,6,17,Khu B
Hòa Phong,nt_hoa_phong,Mộ liệt sĩ chưa xác định được thông tin,,,,,330,6,17,Khu B
Hòa Phong,nt_hoa_phong,Mộ liệt sĩ chưa xác định được thông tin,,,,,331,6,17,Khu B
Hòa Phong,nt_hoa_phong,Mộ liệt sĩ chưa xác định được thông tin,,,,,332,6,17,Khu B
Hòa Phong,nt_hoa_phong,Mộ liệt sĩ chưa xác định được thông tin,,,,,333,6,17,Khu B
Hòa Phong,nt_hoa_phong,Mộ liệt sĩ chưa xác định được thông tin,,,,,334,6,17,Khu B
Hòa Phong,nt_hoa_phong,Mộ liệt sĩ chưa xác định được thông tin,,,,,335,6,17,Khu B
Hòa Phong,nt_hoa_phong,Mộ liệt sĩ chưa xác định được thông tin,,,,,336,6,17,Khu B
Hòa Phong,nt_hoa_phong,Mộ liệt sĩ chưa xác định được thông tin,,,,,337,6,17,Khu B
Hòa Phong,nt_hoa_phong,Mộ liệt sĩ chưa xác định được thông tin,,,,,338,6,17,Khu B
Hòa Phong,nt_hoa_phong,Mộ liệt sĩ chưa xác định được thông tin,,,,,339,6,17,Khu B
Hòa Phong,nt_hoa_phong,Mộ liệt sĩ chưa xác định được thông tin,,,,,340,6,17,Khu B
Hòa Phong,nt_hoa_phong,Mộ liệt sĩ chưa xác định được thông tin,,,,,341,6,17,Khu B
Hòa Phong,nt_hoa_phong,Mộ liệt sĩ chưa xác định được thông tin,,,,,342,6,17,Khu B
Hòa Phong,nt_hoa_phong,Mộ liệt sĩ chưa xác định được thông tin,,,,,343,6,17,Khu B
Hòa Phong,nt_hoa_phong,Mộ liệt sĩ chưa xác định được thông tin,,,,,344,6,17,Khu B
Hòa Phong,nt_hoa_phong,Mộ liệt sĩ chưa xác định được thông tin,,,,,345,6,17,Khu B
Hòa Phong,nt_hoa_phong,Mộ liệt sĩ chưa xác định được thông tin,,,,,346,6,17,Khu B
Hòa Phong,nt_hoa_phong,LÊ TÍNH(TN),,1945-10-23 00:00:00,Hòa Phong,A trưởng,347,6,17,Khu B
Hòa Phong,nt_hoa_phong,NGUYỄN VĂN TÁM,,1968-02-15 00:00:00,Hòa Phong,Tiểu đội phó,348,6,17,Khu B
Hòa Phong,nt_hoa_phong,NGUYỄN THỊ CHUNG,1942,21/6/1968,Hòa Phong,Y tá dân y tỉnh,349,6,17,Khu B
Hòa Phong,nt_hoa_phong,VÕ XUÂN LÂM,,31/1/1968,"Thủy Tân, Hương Phú, Huế",Tham mưu trưởng,350,6,17,Khu B
Hòa Phong,nt_hoa_phong,NGUYỄN XUÂN PHƯƠNG,,07/2/1965,Hòa Phong,Chiến sĩ,351,6,17,Khu B
Hòa Phong,nt_hoa_phong,LÂM QUANG CẦN(TN),,1948-12-16 00:00:00,Hòa Phong,A trưởng,352,6,17,Khu B
Hòa Phong,nt_hoa_phong,TRƯƠNG MẪN(TN),,1957,Hòa Phong,A trưởng,353,6,18,Khu B
Hòa Phong,nt_hoa_phong,NGUYỄN XÚ(TN),,19/7/1965,Hòa Phong,A phó,354,6,18,Khu B
Hòa Phong,nt_hoa_phong,TRẦN PHỔ(TN),,16/2/1954,Hòa Phong,A phó,355,6,18,Khu B
Hòa Phong,nt_hoa_phong,NGUYỄN ĐÌNH CHÂU(TN),,6/7/1967,Hòa Phong,Nhân viên bưu điện,356,6,18,Khu B
Hòa Phong,nt_hoa_phong,NGUYỄN BẢNG(TN),1926,15/6/1971,Hòa Phong,A trưởng,357,6,18,Khu B
Hòa Phong,nt_hoa_phong,VÔ DANH,,,,,358,6,18,Khu B
Hòa Phong,nt_hoa_phong,LÊ TRUNG TÂM(TN),1942,1964-01-01 00:00:00,Hòa Phong,Đội viên du kích,359,6,18,Khu B
Hòa Phong,nt_hoa_phong,NGUYỄN TẤN THANH(TN),,Tháng 2/1968,Hòa Phong,Cán bộ kinh tế,360,6,18,Khu B
Hòa Phong,nt_hoa_phong,NGUYỄN SINH(TN),1937,1969,Hòa Phong,Cán bộ huyện,361,6,18,Khu B
Hòa Phong,nt_hoa_phong,NGUYỄN THỊ THANH,1953,2/1972,Hòa Phong,Chiến sĩ,362,6,18,Khu B
Hòa Phong,nt_hoa_phong,PHAN VĂN NGHIỆP(TN),,20/12/1947,Hòa Phong,Cán bộ kinh tế,363,6,18,Khu B
Hòa Phong,nt_hoa_phong,LÊ ĐÌNH CƯƠNG(TN),,1965-11-09 00:00:00,Hòa Phong,"Thiếu úy, CTV đại đội",364,6,18,Khu B
Hòa Phong,nt_hoa_phong,LÊ ĐÌNH CHIỂU(TN),,1968-12-12 00:00:00,Hòa Phong,Cán bộ nghiệp vụ,365,6,18,Khu B
Hòa Phong,nt_hoa_phong,LÊ ĐÌNH NAM(TN),,13/11/1968,Hòa Phong,"Chuẩn úy,",366,6,18,Khu B
Hòa Phong,nt_hoa_phong,LÊ ĐÌNH THỌ(TN),,1954-11-06 00:00:00,Hòa Phong,Công an,367,6,18,Khu B
Hòa Phong,nt_hoa_phong,HUỲNH HỮU (HÂN),,01/12/1972,Hòa Phong,A phó,368,6,18,Khu B
Hòa Phong,nt_hoa_phong,LÊ ANH HÀO(TN),1950,13/3/1969,Hòa Phong,A phó,369,6,18,Khu B
Hòa Phong,nt_hoa_phong,LÊ ANH KIỆT(TN),,1965-06-06 00:00:00,Hòa Phong,Du kích,370,6,18,Khu B
Hòa Phong,nt_hoa_phong,TRƯƠNG ĐI(TN),,27/4/1952,Hòa Phong,Tiểu đội trưởng,371,6,18,Khu B
Hòa Phong,nt_hoa_phong,PHẠM LỢI(TN),1950,25/8/1968,Hòa Phong,Tiểu đội phó,372,6,18,Khu B
Hòa Phong,nt_hoa_phong,LÊ ĐỨC HƯỜNG(TN),,12/9/1964,Hòa Phong,B phó,373,6,18,Khu B
Hòa Phong,nt_hoa_phong,ĐẶNG CÔNG CẦU(TN),1945,1968-07-10 00:00:00,Hòa Phong,B phó,374,6,18,Khu B
Hòa Phong,nt_hoa_phong,ĐẶNG CÔNG TRÚC(TN),,28/2/1965,Hòa Phong,Xã đội trưởng,375,6,18,Khu B
Hòa Phong,nt_hoa_phong,NGUYỄN MAY(TN),,27/12/1953,Hòa Phong,A trưởng,376,6,18,Khu B
Hòa Phong,nt_hoa_phong,ĐINH NGỌC AN(TN),,31/1/1968,Hòa Phong,A trưởng,377,6,18,Khu B
Hòa Phong,nt_hoa_phong,NGUYỄN PHƯỢNG(TN),,27/7/1950,Hòa Phong,A phó,378,6,18,Khu B
Hòa Phong,nt_hoa_phong,LÊ ĐÌNH ĐIỀN(TN),1938,10/06/1968,Hòa Phong,Bí thư đảng ủy xã,379,6,18,Khu B
Hòa Phong,nt_hoa_phong,THI LÝ ĐÌNH,,24/6/1981,Hòa Phong,Chiến sĩ,380,6,18,Khu B
Hòa Phong,nt_hoa_phong,TRẦN PHÙNG (TN),,30/01/1968,Hòa Phong,Đại đội trưởng,381,6,18,Khu B
Hòa Phong,nt_hoa_phong,TRẦN BÁ(TN),,02/09/1948,Hòa Phong,Trung đội trưởng dân quân,382,6,18,Khu B
Hòa Phong,nt_hoa_phong,TRẦN NHIÊN(TN),,18/10/1949,Hòa Phong,Dân quân,383,6,18,Khu B
Hòa Phong,nt_hoa_phong,NGUYỄN HỮU SỬU(TN),,10/04/1972,Hòa Phong,Thiếu úy,384,6,18,Khu B
Hòa Phong,nt_hoa_phong,PHAN THÔI,1929,20/4/1969,Hòa Phong,Cán bộ giao liên,385,6,18,Khu B
Hòa Phong,nt_hoa_phong,TÁN KIỂU,1946,15/2/1968,Hòa Phong,Du kích,386,6,19,Khu B
Hòa Phong,nt_hoa_phong,LÂM QUANG LỰ(TN),,1972-09-10 00:00:00,Hòa Phong,Tiểu đoàn trưởng,387,6,19,Khu B
Hòa Phong,nt_hoa_phong,LÂM QUANG TÚC(TN),,1966-08-23 00:00:00,Hòa Phong,B phó,388,6,19,Khu B
Hòa Phong,nt_hoa_phong,NGUYỄN HIÊU(TN),,1953-10-10 00:00:00,Hòa Phong,Tiểu đội trưởng,389,6,19,Khu B
Hòa Phong,nt_hoa_phong,TRẦN XÁNG(TN),,3/11/1964,Hòa Phong,Tiểu đội trưởng,390,6,19,Khu B
Hòa Phong,nt_hoa_phong,CAO THỊ TUYẾT(TN),1955,1969-11-09 00:00:00,Hòa Phong,"Chiến sĩ,",391,6,19,Khu B
Hòa Phong,nt_hoa_phong,VÕ GIẰNG(TN),,27/7/1966,Hòa Phong,Chiến sĩ,392,6,19,Khu B
Hòa Phong,nt_hoa_phong,LÊ VĂN NHIỄU(TN),,1952,Hòa Phong,Trung đội trưởng,393,6,19,Khu B
Hòa Phong,nt_hoa_phong,VÕ SÍNH,,22/5/1948,Hòa Phong,Đội viên du kích,394,6,19,Khu B
Hòa Phong,nt_hoa_phong,VÕ CHUYỀN,,Tháng 6/1949,Hòa Phong,Đội viên du kích,395,6,19,Khu B
Hòa Phong,nt_hoa_phong,LÊ MIÊN(TN),,15/2/1952,Hòa Phong,Chiến sĩ,396,6,19,Khu B
Hòa Phong,nt_hoa_phong,BÙI THỊ PHÁN,,1966-09-15 00:00:00,Hòa Phong,Cán bộ y tế xã,397,6,19,Khu B
Hòa Phong,nt_hoa_phong,NGUYỄN VĂN THÁ(TN),,23/2/1969,Lạng Sơn,,398,6,19,Khu B
Hòa Phong,nt_hoa_phong,NGUYỄN VĂN LOẠN(TN),,23/2/1970,Lạng Sơn,,399,6,19,Khu B
Hòa Phong,nt_hoa_phong,NGUYỄN HỮU NHO,,1964-11-19 00:00:00,Hòa Phong,Du kích,400,6,19,Khu B
Hòa Phong,nt_hoa_phong,Đ/C PHƯƠNG,,1952,Nghĩa Bình,Đại đội trưởng,401,6,19,Khu B
Hòa Phong,nt_hoa_phong,VÔ DANH,,,,,402,6,19,Khu B
Hòa Phong,nt_hoa_phong,NGUYỄN ĐÌNH PHI,,15/2/1968,Điện Bàn,Trưởng ban kinh tài,403,6,19,Khu B
Hòa Phong,nt_hoa_phong,NGUYỄN THỊ LIỄU,,10/5/1973,Điện Bàn,Giao liên,404,6,19,Khu B
Hòa Phong,nt_hoa_phong,LÊ PHÚ TIẾN,,1974-08-05 00:00:00,Hòa Phong,A phó,405,6,19,Khu B
Hòa Phong,nt_hoa_phong,THIỀU VĂN TUYỂN,,5/10/1963,Hòa Phong,Trung đội trưởng,406,6,19,Khu B
Hòa Phong,nt_hoa_phong,THIỀU HUỲNH,,14/6/1955,Hòa Phong,Du kích,407,6,19,Khu B
Hòa Phong,nt_hoa_phong,PHAN VĂN PHƯƠNG,,28/8/1965,Hòa Phong,Tiểu đoàn trưởng,408,6,19,Khu B
Hòa Phong,nt_hoa_phong,Mộ liệt sĩ chưa xác định được thông tin,,,,,409,6,19,Khu B
Hòa Phong,nt_hoa_phong,Mộ liệt sĩ chưa xác định được thông tin,,,,,410,6,19,Khu B
Hòa Phong,nt_hoa_phong,Mộ liệt sĩ chưa xác định được thông tin,,,,,411,6,19,Khu B
Hòa Phong,nt_hoa_phong,Mộ liệt sĩ chưa xác định được thông tin,,,,,412,6,19,Khu B
Hòa Phong,nt_hoa_phong,Đồng đội đ/c Phạm Đình Ất,,,Ngoài địa phương,"hy sinh tại Phú Yên, bốc tháng 7/2004",413,6,19,Khu B
Hòa Phong,nt_hoa_phong,Mộ liệt sĩ chưa xác định được thông tin,,,,,414,6,19,Khu B
Hòa Phong,nt_hoa_phong,Mộ liệt sĩ chưa xác định được thông tin,,,,,415,6,19,Khu B
Hòa Phong,nt_hoa_phong,TRẦN VĂN SẺ,,31/1/1972,Hòa Phong,A phó,416,6,19,Khu B
Hòa Phong,nt_hoa_phong,TRẦN VĂN HIỂN,,1951-06-06 00:00:00,Hòa Phong,Xã đội trưởng,417,7,20,Khu B
Hòa Phong,nt_hoa_phong,TRẦN VĂN TỜN(YẾN),,27/7/1968,Hòa Phong,"Y tá trưởng,",418,7,20,Khu B
Hòa Phong,nt_hoa_phong,LÂM QUANG CỰ,,1965-07-25 00:00:00,Hòa Phong,Chiến sĩ,419,7,20,Khu B
Hòa Phong,nt_hoa_phong,TRẦN HỒNG,,16/5/1968,Hòa Phong,Y tá,420,7,20,Khu B
Hòa Phong,nt_hoa_phong,Mộ liệt sĩ chưa xác định được thông tin,,,,,421,7,20,Khu B
Hòa Phong,nt_hoa_phong,Mộ liệt sĩ chưa xác định được thông tin,,,,,422,7,20,Khu B
Hòa Phong,nt_hoa_phong,Mộ liệt sĩ chưa xác định được thông tin,,,,,423,7,20,Khu B
Hòa Phong,nt_hoa_phong,Mộ liệt sĩ chưa xác định được thông tin,,,,,424,7,20,Khu B
Hòa Phong,nt_hoa_phong,Mộ liệt sĩ chưa xác định được thông tin,,,,,425,7,20,Khu B
Hòa Phong,nt_hoa_phong,Mộ liệt sĩ chưa xác định được thông tin,,,,,426,7,20,Khu B
Hòa Phong,nt_hoa_phong,Mộ liệt sĩ chưa xác định được thông tin,,,,,427,7,20,Khu B
Hòa Phong,nt_hoa_phong,Mộ liệt sĩ chưa xác định được thông tin,,,,,428,7,20,Khu B
Hòa Phong,nt_hoa_phong,NGUYỄN ĐỨC VĨ,,24/4/1965,Nghệ An,,429,7,20,Khu B
Hòa Phong,nt_hoa_phong,TRẦN THỊ THIỆN,,26/12/1973,Điện Bàn,Tiểu đội trưởng,430,7,20,Khu B
Hòa Phong,nt_hoa_phong,LÂM QUANG NHẶT,1937,24/10/1969,Hòa Phong,Trưởng phòng giao liên,431,7,21,Khu B
Hòa Phong,nt_hoa_phong,NGUYỄN VĂN ANH,1937,15/8/1968,Hòa Phong,CB xã,432,7,21,Khu B
Hòa Phong,nt_hoa_phong,THÁI LƯƠNG,,1949-12-30 00:00:00,Hòa Phong,Du kích,433,7,21,Khu B
Hòa Phong,nt_hoa_phong,THÁI DIÊN (TN),1932,17/7/1967,Hòa Phong,Trưởng ban kinh tài,434,7,21,Khu B
Hòa Phong,nt_hoa_phong,TRẦN QUYỆT,,24/1/1948,Hòa Phong,Vùng trưởng thôn,435,7,21,Khu B
Hòa Phong,nt_hoa_phong,NGUYỄN HỮU TẾ,,06/02/1967,Hòa Phong,CB nông hội xã,436,7,21,Khu B
Hòa Phong,nt_hoa_phong,TRẦN THÁI,,14/10/1968,Hòa Phong,Đại đội phó,437,7,21,Khu B
Hòa Phong,nt_hoa_phong,ĐẶNG CÔNG SẺ,1947,1969-07-12 00:00:00,Hòa Phong,Trưởng công an xã,438,7,21,Khu B
Hòa Phong,nt_hoa_phong,NGUYỄN TƯỜNG DIÊN,,Tháng 10/1973,Hòa Phong,CB lương thực,439,7,21,Khu B
Hòa Phong,nt_hoa_phong,THÁI BÁ ĐẮC,,14/11/1965,Hòa Phong,Tiểu đội trưởng,440,7,21,Khu B
Hòa Phong,nt_hoa_phong,THÁI THỊ VÂN,1957,28/1/1974,Hòa Phong,Nhân viên,441,7,21,Khu B
Hòa Phong,nt_hoa_phong,TRƯƠNG VĂN CHÚC,,17/2/1969,Hòa Phong,CB ty lương thực,442,7,21,Khu B
Hòa Phong,nt_hoa_phong,NGUYỄN CHÁU,,30/6/1965,Hòa Phong,Tiểu đội trưởng,443,7,21,Khu B
Hòa Phong,nt_hoa_phong,NGUYỄN THÍ,1925,7/11/1968,HòaNinh,Nhân viên bưu điện,444,7,21,Khu B
Hòa Phong,nt_hoa_phong,ĐẶNG CÔNG RỴ,1940,9/12/1968,Hòa Phong,Du kích,445,7,21,Khu B
Hòa Phong,nt_hoa_phong,ĐẶNG CÔNG MAU (TN),1930,1968-02-28 00:00:00,Hòa Phong,Du kích,446,7,22,Khu B
Hòa Phong,nt_hoa_phong,ĐẶNG CÔNG TÂM,,28/5/1965,Hòa Phong,Chiến sĩ,447,7,22,Khu B
Hòa Phong,nt_hoa_phong,ĐẶNG CÔNG THÀNH,,27/7/1948,Hòa Phong,"Tiểu đội phó,",448,7,22,Khu B
Hòa Phong,nt_hoa_phong,TRÀ ĐỨC THẮNG,,24/2/1974,Hòa Phong,CB huyện,449,7,22,Khu B
Hòa Phong,nt_hoa_phong,NGUYỄN XUÂN ĐÌNH,1951,16/7/1968,Hòa Phong,Du kích,450,7,22,Khu B
Hòa Phong,nt_hoa_phong,THI LÝ TRI,1942,16/7/1968,Hòa Phong,Xã đội trưởng,451,7,22,Khu B
Hòa Phong,nt_hoa_phong,THI LÝ THƠ,,4/1/1965,Hòa Phong,Du kích,452,7,22,Khu B
Hòa Phong,nt_hoa_phong,THI LÝ THUỲ,1950,19/9/1968,Hòa Phong,Du kích,453,7,22,Khu B
Hòa Phong,nt_hoa_phong,ĐẶNG VĂN SÂM,,1965-05-28 00:00:00,Hòa Phong,Chiến sĩ QĐNDVN,454,7,22,Khu B
Hòa Phong,nt_hoa_phong,NGUYỄN TƯỜNG PHƯỢNG,,30/1/1950,Hòa Phong,Tiểu đội trưởng,455,7,22,Khu B
Hòa Phong,nt_hoa_phong,ĐẶNG PHƯỚC THÂN (TN),,27/7/1949,Hòa Phong,Dân quân,456,7,22,Khu B
Hòa Phong,nt_hoa_phong,NGUYỄN NHÂN(TN),1937,22/11/1967,Hòa Phong,Trưởng ban an ninh,457,7,22,Khu B
Hòa Phong,nt_hoa_phong,LÊ THỊ MUA,1944,1969-07-01 00:00:00,Hòa Phong,Cơ sở CM,458,7,22,Khu B
Hòa Phong,nt_hoa_phong,LÂM XUYÊN,1914,1969-07-01 00:00:00,Hòa Phong,CB xã,459,7,22,Khu B
Hòa Phong,nt_hoa_phong,BÙI MINH NGHĨA,,1973-08-13 00:00:00,Hòa Phong,CTV phó đại đội,460,8,23,Khu B
Hòa Phong,nt_hoa_phong,NGUYỄN THỊ DIÊN,,1966-05-25 00:00:00,Hòa Phong,CB BCH phụ nữ,461,8,23,Khu B
Hòa Phong,nt_hoa_phong,ĐẶNG VĨNH(TN),,,Hòa Phong,Chiến sĩ,462,8,23,Khu B
Hòa Phong,nt_hoa_phong,ĐẶNG LONG HOÀNG(TN),,1952-10-27 00:00:00,Hòa Phong,Đại đội phó,463,8,23,Khu B
Hòa Phong,nt_hoa_phong,ĐẶNG CÔNG THỌ(TN),,1953-06-15 00:00:00,Hòa Phong,A trưởng QĐNDVN,464,8,23,Khu B
Hòa Phong,nt_hoa_phong,NGUYỄN PHƯỚC,,8/3/1981,Hòa Phong,Chiến sĩ,465,8,23,Khu B
Hòa Phong,nt_hoa_phong,NGUYỄN ĐỨC TỒN,,1965-06-18 00:00:00,Hòa Phong,Đội viên du kích,466,8,23,Khu B
Hòa Phong,nt_hoa_phong,NGUYỄN ĐỨC DŨNG,1948,1972-09-09 00:00:00,Hòa Phong,Xã đội trưởng,467,8,23,Khu B
Hòa Phong,nt_hoa_phong,ĐINH SƠN,,16/12/1966,Hòa Phong,A phó,468,8,23,Khu B
Hòa Phong,nt_hoa_phong,ĐINH NGỌC TIẾN,1948,31/8/1968,Hòa Phong,A phó,469,8,23,Khu B
Hòa Phong,nt_hoa_phong,NGUYỄN SƠN,,,kg biết địa phương,,470,8,23,Khu B
Hòa Phong,nt_hoa_phong,LÊ THỊ HIỀN,,1972-04-03 00:00:00,Hòa Phong,Chiến sĩ,471,8,23,Khu B
Hòa Phong,nt_hoa_phong,Nguyễn Nhiên,,,Hòa Phong,Du kích,472,8,23,Khu B
Hòa Phong,nt_hoa_phong,Nguyễn Tri,,,Hòa Phong,,473,8,23,Khu B
Hòa Phong,nt_hoa_phong,Dương Thị Hương,,1968-07-15 00:00:00,Hòa Phong,Đội viên du kích,474,8,23,Khu B
Hòa Phong,nt_hoa_phong,337 vô danh hòa phong,599 có tên hòa phong,,,,,,,
